variant,frame,axis,unit,level,n_objects,score
all,000001,roll,deg,-3.0,1,98.571
all,000001,roll,deg,-2.0,1,98.571
all,000001,roll,deg,-1.0,1,100.0
all,000001,roll,deg,-0.5,1,100.0
all,000001,roll,deg,0.0,1,100.0
all,000001,roll,deg,0.5,1,100.0
all,000001,roll,deg,1.0,1,100.0
all,000001,roll,deg,2.0,1,100.0
all,000001,roll,deg,3.0,1,100.0
all,000001,pitch,deg,-3.0,1,0.0
all,000001,pitch,deg,-2.0,1,11.429
all,000001,pitch,deg,-1.0,1,67.143
all,000001,pitch,deg,-0.5,1,85.714
all,000001,pitch,deg,0.0,1,100.0
all,000001,pitch,deg,0.5,1,92.857
all,000001,pitch,deg,1.0,1,70.0
all,000001,pitch,deg,2.0,1,14.286
all,000001,pitch,deg,3.0,1,0.0
all,000001,yaw,deg,-3.0,1,0.0
all,000001,yaw,deg,-2.0,1,17.143
all,000001,yaw,deg,-1.0,1,64.286
all,000001,yaw,deg,-0.5,1,84.286
all,000001,yaw,deg,0.0,1,100.0
all,000001,yaw,deg,0.5,1,75.714
all,000001,yaw,deg,1.0,1,54.286
all,000001,yaw,deg,2.0,1,10.0
all,000001,yaw,deg,3.0,1,0.0
all,000001,tx,cm,-10.0,1,100.0
all,000001,tx,cm,-5.0,1,100.0
all,000001,tx,cm,-2.0,1,100.0
all,000001,tx,cm,0.0,1,100.0
all,000001,tx,cm,2.0,1,100.0
all,000001,tx,cm,5.0,1,100.0
all,000001,tx,cm,10.0,1,100.0
all,000001,ty,cm,-10.0,1,98.571
all,000001,ty,cm,-5.0,1,98.571
all,000001,ty,cm,-2.0,1,100.0
all,000001,ty,cm,0.0,1,100.0
all,000001,ty,cm,2.0,1,100.0
all,000001,ty,cm,5.0,1,98.571
all,000001,ty,cm,10.0,1,97.143
all,000001,tz,cm,-10.0,1,100.0
all,000001,tz,cm,-5.0,1,100.0
all,000001,tz,cm,-2.0,1,100.0
all,000001,tz,cm,0.0,1,100.0
all,000001,tz,cm,2.0,1,100.0
all,000001,tz,cm,5.0,1,100.0
all,000001,tz,cm,10.0,1,100.0
all,000004,roll,deg,-3.0,2,16.858
all,000004,roll,deg,-2.0,2,54.87
all,000004,roll,deg,-1.0,2,92.857
all,000004,roll,deg,-0.5,2,95.454
all,000004,roll,deg,0.0,2,100.0
all,000004,roll,deg,0.5,2,100.0
all,000004,roll,deg,1.0,2,100.0
all,000004,roll,deg,2.0,2,95.48
all,000004,roll,deg,3.0,2,59.416
all,000004,pitch,deg,-3.0,2,0.0
all,000004,pitch,deg,-2.0,2,7.143
all,000004,pitch,deg,-1.0,2,72.402
all,000004,pitch,deg,-0.5,2,98.077
all,000004,pitch,deg,0.0,2,100.0
all,000004,pitch,deg,0.5,2,92.857
all,000004,pitch,deg,1.0,2,17.508
all,000004,pitch,deg,2.0,2,0.0
all,000004,pitch,deg,3.0,2,0.0
all,000004,yaw,deg,-3.0,2,11.688
all,000004,yaw,deg,-2.0,2,41.983
all,000004,yaw,deg,-1.0,2,73.602
all,000004,yaw,deg,-0.5,2,90.984
all,000004,yaw,deg,0.0,2,100.0
all,000004,yaw,deg,0.5,2,91.009
all,000004,yaw,deg,1.0,2,74.9
all,000004,yaw,deg,2.0,2,47.827
all,000004,yaw,deg,3.0,2,13.636
all,000004,tx,cm,-10.0,2,100.0
all,000004,tx,cm,-5.0,2,100.0
all,000004,tx,cm,-2.0,2,100.0
all,000004,tx,cm,0.0,2,100.0
all,000004,tx,cm,2.0,2,100.0
all,000004,tx,cm,5.0,2,100.0
all,000004,tx,cm,10.0,2,100.0
all,000004,ty,cm,-10.0,2,100.0
all,000004,ty,cm,-5.0,2,100.0
all,000004,ty,cm,-2.0,2,100.0
all,000004,ty,cm,0.0,2,100.0
all,000004,ty,cm,2.0,2,100.0
all,000004,ty,cm,5.0,2,100.0
all,000004,ty,cm,10.0,2,100.0
all,000004,tz,cm,-10.0,2,98.702
all,000004,tz,cm,-5.0,2,100.0
all,000004,tz,cm,-2.0,2,100.0
all,000004,tz,cm,0.0,2,100.0
all,000004,tz,cm,2.0,2,100.0
all,000004,tz,cm,5.0,2,100.0
all,000004,tz,cm,10.0,2,100.0
all,000007,roll,deg,-3.0,1,97.382
all,000007,roll,deg,-2.0,1,99.476
all,000007,roll,deg,-1.0,1,100.0
all,000007,roll,deg,-0.5,1,100.0
all,000007,roll,deg,0.0,1,100.0
all,000007,roll,deg,0.5,1,100.0
all,000007,roll,deg,1.0,1,100.0
all,000007,roll,deg,2.0,1,100.0
all,000007,roll,deg,3.0,1,99.476
all,000007,pitch,deg,-3.0,1,32.984
all,000007,pitch,deg,-2.0,1,67.016
all,000007,pitch,deg,-1.0,1,89.529
all,000007,pitch,deg,-0.5,1,91.623
all,000007,pitch,deg,0.0,1,100.0
all,000007,pitch,deg,0.5,1,89.005
all,000007,pitch,deg,1.0,1,67.016
all,000007,pitch,deg,2.0,1,32.984
all,000007,pitch,deg,3.0,1,10.471
all,000007,yaw,deg,-3.0,1,24.084
all,000007,yaw,deg,-2.0,1,52.356
all,000007,yaw,deg,-1.0,1,81.152
all,000007,yaw,deg,-0.5,1,93.194
all,000007,yaw,deg,0.0,1,100.0
all,000007,yaw,deg,0.5,1,90.052
all,000007,yaw,deg,1.0,1,78.534
all,000007,yaw,deg,2.0,1,51.309
all,000007,yaw,deg,3.0,1,21.99
all,000007,tx,cm,-10.0,1,100.0
all,000007,tx,cm,-5.0,1,100.0
all,000007,tx,cm,-2.0,1,100.0
all,000007,tx,cm,0.0,1,100.0
all,000007,tx,cm,2.0,1,100.0
all,000007,tx,cm,5.0,1,100.0
all,000007,tx,cm,10.0,1,100.0
all,000007,ty,cm,-10.0,1,98.953
all,000007,ty,cm,-5.0,1,99.476
all,000007,ty,cm,-2.0,1,100.0
all,000007,ty,cm,0.0,1,100.0
all,000007,ty,cm,2.0,1,100.0
all,000007,ty,cm,5.0,1,100.0
all,000007,ty,cm,10.0,1,97.382
all,000007,tz,cm,-10.0,1,89.005
all,000007,tz,cm,-5.0,1,100.0
all,000007,tz,cm,-2.0,1,100.0
all,000007,tz,cm,0.0,1,100.0
all,000007,tz,cm,2.0,1,100.0
all,000007,tz,cm,5.0,1,100.0
all,000007,tz,cm,10.0,1,100.0
all,000008,roll,deg,-3.0,4,95.369
all,000008,roll,deg,-2.0,4,96.948
all,000008,roll,deg,-1.0,4,98.156
all,000008,roll,deg,-0.5,4,100.0
all,000008,roll,deg,0.0,4,100.0
all,000008,roll,deg,0.5,4,100.0
all,000008,roll,deg,1.0,4,96.584
all,000008,roll,deg,2.0,4,90.266
all,000008,roll,deg,3.0,4,84.042
all,000008,pitch,deg,-3.0,4,44.392
all,000008,pitch,deg,-2.0,4,72.679
all,000008,pitch,deg,-1.0,4,92.793
all,000008,pitch,deg,-0.5,4,96.685
all,000008,pitch,deg,0.0,4,100.0
all,000008,pitch,deg,0.5,4,91.537
all,000008,pitch,deg,1.0,4,79.813
all,000008,pitch,deg,2.0,4,56.709
all,000008,pitch,deg,3.0,4,40.236
all,000008,yaw,deg,-3.0,4,53.613
all,000008,yaw,deg,-2.0,4,74.637
all,000008,yaw,deg,-1.0,4,91.488
all,000008,yaw,deg,-0.5,4,98.291
all,000008,yaw,deg,0.0,4,100.0
all,000008,yaw,deg,0.5,4,97.336
all,000008,yaw,deg,1.0,4,90.028
all,000008,yaw,deg,2.0,4,69.55
all,000008,yaw,deg,3.0,4,53.5
all,000008,tx,cm,-10.0,4,99.987
all,000008,tx,cm,-5.0,4,100.0
all,000008,tx,cm,-2.0,4,100.0
all,000008,tx,cm,0.0,4,100.0
all,000008,tx,cm,2.0,4,100.0
all,000008,tx,cm,5.0,4,100.0
all,000008,tx,cm,10.0,4,100.0
all,000008,ty,cm,-10.0,4,99.8
all,000008,ty,cm,-5.0,4,100.0
all,000008,ty,cm,-2.0,4,100.0
all,000008,ty,cm,0.0,4,100.0
all,000008,ty,cm,2.0,4,100.0
all,000008,ty,cm,5.0,4,100.0
all,000008,ty,cm,10.0,4,100.0
all,000008,tz,cm,-10.0,4,98.998
all,000008,tz,cm,-5.0,4,99.655
all,000008,tz,cm,-2.0,4,100.0
all,000008,tz,cm,0.0,4,100.0
all,000008,tz,cm,2.0,4,100.0
all,000008,tz,cm,5.0,4,99.575
all,000008,tz,cm,10.0,4,97.696
all,000009,roll,deg,-3.0,1,99.087
all,000009,roll,deg,-2.0,1,100.0
all,000009,roll,deg,-1.0,1,100.0
all,000009,roll,deg,-0.5,1,100.0
all,000009,roll,deg,0.0,1,100.0
all,000009,roll,deg,0.5,1,100.0
all,000009,roll,deg,1.0,1,100.0
all,000009,roll,deg,2.0,1,100.0
all,000009,roll,deg,3.0,1,100.0
all,000009,pitch,deg,-3.0,1,34.247
all,000009,pitch,deg,-2.0,1,65.753
all,000009,pitch,deg,-1.0,1,90.411
all,000009,pitch,deg,-0.5,1,92.237
all,000009,pitch,deg,0.0,1,100.0
all,000009,pitch,deg,0.5,1,88.584
all,000009,pitch,deg,1.0,1,74.429
all,000009,pitch,deg,2.0,1,41.553
all,000009,pitch,deg,3.0,1,12.329
all,000009,yaw,deg,-3.0,1,31.963
all,000009,yaw,deg,-2.0,1,56.621
all,000009,yaw,deg,-1.0,1,80.365
all,000009,yaw,deg,-0.5,1,93.607
all,000009,yaw,deg,0.0,1,100.0
all,000009,yaw,deg,0.5,1,92.694
all,000009,yaw,deg,1.0,1,82.192
all,000009,yaw,deg,2.0,1,54.795
all,000009,yaw,deg,3.0,1,30.137
all,000009,tx,cm,-10.0,1,100.0
all,000009,tx,cm,-5.0,1,100.0
all,000009,tx,cm,-2.0,1,100.0
all,000009,tx,cm,0.0,1,100.0
all,000009,tx,cm,2.0,1,100.0
all,000009,tx,cm,5.0,1,100.0
all,000009,tx,cm,10.0,1,100.0
all,000009,ty,cm,-10.0,1,97.717
all,000009,ty,cm,-5.0,1,99.543
all,000009,ty,cm,-2.0,1,100.0
all,000009,ty,cm,0.0,1,100.0
all,000009,ty,cm,2.0,1,100.0
all,000009,ty,cm,5.0,1,100.0
all,000009,ty,cm,10.0,1,99.087
all,000009,tz,cm,-10.0,1,100.0
all,000009,tz,cm,-5.0,1,100.0
all,000009,tz,cm,-2.0,1,100.0
all,000009,tz,cm,0.0,1,100.0
all,000009,tz,cm,2.0,1,100.0
all,000009,tz,cm,5.0,1,100.0
all,000009,tz,cm,10.0,1,100.0
all,000010,roll,deg,-3.0,5,94.843
all,000010,roll,deg,-2.0,5,96.398
all,000010,roll,deg,-1.0,5,96.95
all,000010,roll,deg,-0.5,5,100.0
all,000010,roll,deg,0.0,5,100.0
all,000010,roll,deg,0.5,5,100.0
all,000010,roll,deg,1.0,5,91.558
all,000010,roll,deg,2.0,5,85.61
all,000010,roll,deg,3.0,5,83.867
all,000010,pitch,deg,-3.0,5,36.258
all,000010,pitch,deg,-2.0,5,62.628
all,000010,pitch,deg,-1.0,5,89.691
all,000010,pitch,deg,-0.5,5,93.189
all,000010,pitch,deg,0.0,5,100.0
all,000010,pitch,deg,0.5,5,81.033
all,000010,pitch,deg,1.0,5,66.109
all,000010,pitch,deg,2.0,5,39.449
all,000010,pitch,deg,3.0,5,26.059
all,000010,yaw,deg,-3.0,5,45.933
all,000010,yaw,deg,-2.0,5,70.42
all,000010,yaw,deg,-1.0,5,94.016
all,000010,yaw,deg,-0.5,5,97.092
all,000010,yaw,deg,0.0,5,100.0
all,000010,yaw,deg,0.5,5,96.305
all,000010,yaw,deg,1.0,5,86.553
all,000010,yaw,deg,2.0,5,59.468
all,000010,yaw,deg,3.0,5,44.598
all,000010,tx,cm,-10.0,5,100.0
all,000010,tx,cm,-5.0,5,100.0
all,000010,tx,cm,-2.0,5,100.0
all,000010,tx,cm,0.0,5,100.0
all,000010,tx,cm,2.0,5,100.0
all,000010,tx,cm,5.0,5,100.0
all,000010,tx,cm,10.0,5,100.0
all,000010,ty,cm,-10.0,5,99.919
all,000010,ty,cm,-5.0,5,100.0
all,000010,ty,cm,-2.0,5,100.0
all,000010,ty,cm,0.0,5,100.0
all,000010,ty,cm,2.0,5,100.0
all,000010,ty,cm,5.0,5,100.0
all,000010,ty,cm,10.0,5,100.0
all,000010,tz,cm,-10.0,5,90.627
all,000010,tz,cm,-5.0,5,99.167
all,000010,tz,cm,-2.0,5,99.187
all,000010,tz,cm,0.0,5,100.0
all,000010,tz,cm,2.0,5,100.0
all,000010,tz,cm,5.0,5,100.0
all,000010,tz,cm,10.0,5,99.764
all,000011,roll,deg,-3.0,1,80.288
all,000011,roll,deg,-2.0,1,87.5
all,000011,roll,deg,-1.0,1,89.904
all,000011,roll,deg,-0.5,1,90.865
all,000011,roll,deg,0.0,1,100.0
all,000011,roll,deg,0.5,1,100.0
all,000011,roll,deg,1.0,1,100.0
all,000011,roll,deg,2.0,1,93.75
all,000011,roll,deg,3.0,1,91.827
all,000011,pitch,deg,-3.0,1,40.385
all,000011,pitch,deg,-2.0,1,74.519
all,000011,pitch,deg,-1.0,1,81.731
all,000011,pitch,deg,-0.5,1,91.827
all,000011,pitch,deg,0.0,1,100.0
all,000011,pitch,deg,0.5,1,79.808
all,000011,pitch,deg,1.0,1,70.192
all,000011,pitch,deg,2.0,1,37.5
all,000011,pitch,deg,3.0,1,21.635
all,000011,yaw,deg,-3.0,1,28.365
all,000011,yaw,deg,-2.0,1,53.846
all,000011,yaw,deg,-1.0,1,79.327
all,000011,yaw,deg,-0.5,1,92.788
all,000011,yaw,deg,0.0,1,100.0
all,000011,yaw,deg,0.5,1,95.673
all,000011,yaw,deg,1.0,1,85.577
all,000011,yaw,deg,2.0,1,61.058
all,000011,yaw,deg,3.0,1,36.538
all,000011,tx,cm,-10.0,1,100.0
all,000011,tx,cm,-5.0,1,100.0
all,000011,tx,cm,-2.0,1,100.0
all,000011,tx,cm,0.0,1,100.0
all,000011,tx,cm,2.0,1,100.0
all,000011,tx,cm,5.0,1,100.0
all,000011,tx,cm,10.0,1,100.0
all,000011,ty,cm,-10.0,1,98.558
all,000011,ty,cm,-5.0,1,100.0
all,000011,ty,cm,-2.0,1,100.0
all,000011,ty,cm,0.0,1,100.0
all,000011,ty,cm,2.0,1,100.0
all,000011,ty,cm,5.0,1,100.0
all,000011,ty,cm,10.0,1,100.0
all,000011,tz,cm,-10.0,1,89.904
all,000011,tz,cm,-5.0,1,89.904
all,000011,tz,cm,-2.0,1,96.154
all,000011,tz,cm,0.0,1,100.0
all,000011,tz,cm,2.0,1,100.0
all,000011,tz,cm,5.0,1,100.0
all,000011,tz,cm,10.0,1,100.0
all,000012,roll,deg,-3.0,1,97.436
all,000012,roll,deg,-2.0,1,100.0
all,000012,roll,deg,-1.0,1,100.0
all,000012,roll,deg,-0.5,1,100.0
all,000012,roll,deg,0.0,1,100.0
all,000012,roll,deg,0.5,1,100.0
all,000012,roll,deg,1.0,1,100.0
all,000012,roll,deg,2.0,1,71.795
all,000012,roll,deg,3.0,1,71.795
all,000012,pitch,deg,-3.0,1,0.0
all,000012,pitch,deg,-2.0,1,0.0
all,000012,pitch,deg,-1.0,1,53.846
all,000012,pitch,deg,-0.5,1,71.795
all,000012,pitch,deg,0.0,1,100.0
all,000012,pitch,deg,0.5,1,100.0
all,000012,pitch,deg,1.0,1,46.154
all,000012,pitch,deg,2.0,1,28.205
all,000012,pitch,deg,3.0,1,0.0
all,000012,yaw,deg,-3.0,1,0.0
all,000012,yaw,deg,-2.0,1,12.821
all,000012,yaw,deg,-1.0,1,61.538
all,000012,yaw,deg,-0.5,1,92.308
all,000012,yaw,deg,0.0,1,100.0
all,000012,yaw,deg,0.5,1,89.744
all,000012,yaw,deg,1.0,1,58.974
all,000012,yaw,deg,2.0,1,10.256
all,000012,yaw,deg,3.0,1,0.0
all,000012,tx,cm,-10.0,1,100.0
all,000012,tx,cm,-5.0,1,100.0
all,000012,tx,cm,-2.0,1,100.0
all,000012,tx,cm,0.0,1,100.0
all,000012,tx,cm,2.0,1,100.0
all,000012,tx,cm,5.0,1,100.0
all,000012,tx,cm,10.0,1,100.0
all,000012,ty,cm,-10.0,1,100.0
all,000012,ty,cm,-5.0,1,100.0
all,000012,ty,cm,-2.0,1,100.0
all,000012,ty,cm,0.0,1,100.0
all,000012,ty,cm,2.0,1,100.0
all,000012,ty,cm,5.0,1,100.0
all,000012,ty,cm,10.0,1,100.0
all,000012,tz,cm,-10.0,1,100.0
all,000012,tz,cm,-5.0,1,100.0
all,000012,tz,cm,-2.0,1,100.0
all,000012,tz,cm,0.0,1,100.0
all,000012,tz,cm,2.0,1,100.0
all,000012,tz,cm,5.0,1,100.0
all,000012,tz,cm,10.0,1,100.0
all,000016,roll,deg,-3.0,2,88.226
all,000016,roll,deg,-2.0,2,89.834
all,000016,roll,deg,-1.0,2,91.394
all,000016,roll,deg,-0.5,2,92.272
all,000016,roll,deg,0.0,2,92.93
all,000016,roll,deg,0.5,2,93.491
all,000016,roll,deg,1.0,2,93.93
all,000016,roll,deg,2.0,2,91.428
all,000016,roll,deg,3.0,2,84.082
all,000016,pitch,deg,-3.0,2,43.491
all,000016,pitch,deg,-2.0,2,52.388
all,000016,pitch,deg,-1.0,2,84.048
all,000016,pitch,deg,-0.5,2,93.833
all,000016,pitch,deg,0.0,2,92.93
all,000016,pitch,deg,0.5,2,82.742
all,000016,pitch,deg,1.0,2,77.309
all,000016,pitch,deg,2.0,2,40.318
all,000016,pitch,deg,3.0,2,31.765
all,000016,yaw,deg,-3.0,2,55.45
all,000016,yaw,deg,-2.0,2,70.273
all,000016,yaw,deg,-1.0,2,92.676
all,000016,yaw,deg,-0.5,2,92.95
all,000016,yaw,deg,0.0,2,92.93
all,000016,yaw,deg,0.5,2,86.688
all,000016,yaw,deg,1.0,2,77.285
all,000016,yaw,deg,2.0,2,58.526
all,000016,yaw,deg,3.0,2,35.037
all,000016,tx,cm,-10.0,2,90.663
all,000016,tx,cm,-5.0,2,91.955
all,000016,tx,cm,-2.0,2,92.614
all,000016,tx,cm,0.0,2,92.93
all,000016,tx,cm,2.0,2,93.198
all,000016,tx,cm,5.0,2,93.686
all,000016,tx,cm,10.0,2,94.368
all,000016,ty,cm,-10.0,2,93.954
all,000016,ty,cm,-5.0,2,93.466
all,000016,ty,cm,-2.0,2,93.15
all,000016,ty,cm,0.0,2,92.93
all,000016,ty,cm,2.0,2,92.662
all,000016,ty,cm,5.0,2,92.077
all,000016,ty,cm,10.0,2,91.078
all,000016,tz,cm,-10.0,2,90.127
all,000016,tz,cm,-5.0,2,91.614
all,000016,tz,cm,-2.0,2,92.442
all,000016,tz,cm,0.0,2,92.93
all,000016,tz,cm,2.0,2,93.321
all,000016,tz,cm,5.0,2,93.856
all,000016,tz,cm,10.0,2,94.856
all,000019,roll,deg,-3.0,2,95.712
all,000019,roll,deg,-2.0,2,97.532
all,000019,roll,deg,-1.0,2,99.11
all,000019,roll,deg,-0.5,2,99.838
all,000019,roll,deg,0.0,2,100.0
all,000019,roll,deg,0.5,2,99.758
all,000019,roll,deg,1.0,2,99.758
all,000019,roll,deg,2.0,2,98.786
all,000019,roll,deg,3.0,2,95.646
all,000019,pitch,deg,-3.0,2,44.213
all,000019,pitch,deg,-2.0,2,70.346
all,000019,pitch,deg,-1.0,2,92.288
all,000019,pitch,deg,-0.5,2,96.01
all,000019,pitch,deg,0.0,2,100.0
all,000019,pitch,deg,0.5,2,95.228
all,000019,pitch,deg,1.0,2,78.435
all,000019,pitch,deg,2.0,2,48.541
all,000019,pitch,deg,3.0,2,39.24
all,000019,yaw,deg,-3.0,2,45.494
all,000019,yaw,deg,-2.0,2,68.017
all,000019,yaw,deg,-1.0,2,86.388
all,000019,yaw,deg,-0.5,2,93.396
all,000019,yaw,deg,0.0,2,100.0
all,000019,yaw,deg,0.5,2,96.698
all,000019,yaw,deg,1.0,2,86.388
all,000019,yaw,deg,2.0,2,66.818
all,000019,yaw,deg,3.0,2,50.549
all,000019,tx,cm,-10.0,2,99.758
all,000019,tx,cm,-5.0,2,100.0
all,000019,tx,cm,-2.0,2,100.0
all,000019,tx,cm,0.0,2,100.0
all,000019,tx,cm,2.0,2,100.0
all,000019,tx,cm,5.0,2,100.0
all,000019,tx,cm,10.0,2,100.0
all,000019,ty,cm,-10.0,2,100.0
all,000019,ty,cm,-5.0,2,100.0
all,000019,ty,cm,-2.0,2,100.0
all,000019,ty,cm,0.0,2,100.0
all,000019,ty,cm,2.0,2,100.0
all,000019,ty,cm,5.0,2,100.0
all,000019,ty,cm,10.0,2,100.0
all,000019,tz,cm,-10.0,2,98.746
all,000019,tz,cm,-5.0,2,99.758
all,000019,tz,cm,-2.0,2,99.758
all,000019,tz,cm,0.0,2,100.0
all,000019,tz,cm,2.0,2,100.0
all,000019,tz,cm,5.0,2,99.11
all,000019,tz,cm,10.0,2,97.573
all,000021,roll,deg,-3.0,5,95.235
all,000021,roll,deg,-2.0,5,97.67
all,000021,roll,deg,-1.0,5,98.391
all,000021,roll,deg,-0.5,5,99.023
all,000021,roll,deg,0.0,5,100.0
all,000021,roll,deg,0.5,5,99.834
all,000021,roll,deg,1.0,5,96.908
all,000021,roll,deg,2.0,5,94.074
all,000021,roll,deg,3.0,5,88.845
all,000021,pitch,deg,-3.0,5,48.053
all,000021,pitch,deg,-2.0,5,72.974
all,000021,pitch,deg,-1.0,5,88.668
all,000021,pitch,deg,-0.5,5,93.644
all,000021,pitch,deg,0.0,5,100.0
all,000021,pitch,deg,0.5,5,92.603
all,000021,pitch,deg,1.0,5,77.851
all,000021,pitch,deg,2.0,5,52.573
all,000021,pitch,deg,3.0,5,37.046
all,000021,yaw,deg,-3.0,5,51.831
all,000021,yaw,deg,-2.0,5,71.802
all,000021,yaw,deg,-1.0,5,89.849
all,000021,yaw,deg,-0.5,5,97.12
all,000021,yaw,deg,0.0,5,100.0
all,000021,yaw,deg,0.5,5,99.866
all,000021,yaw,deg,1.0,5,97.327
all,000021,yaw,deg,2.0,5,86.591
all,000021,yaw,deg,3.0,5,70.922
all,000021,tx,cm,-10.0,5,99.929
all,000021,tx,cm,-5.0,5,100.0
all,000021,tx,cm,-2.0,5,100.0
all,000021,tx,cm,0.0,5,100.0
all,000021,tx,cm,2.0,5,100.0
all,000021,tx,cm,5.0,5,100.0
all,000021,tx,cm,10.0,5,100.0
all,000021,ty,cm,-10.0,5,99.332
all,000021,ty,cm,-5.0,5,100.0
all,000021,ty,cm,-2.0,5,100.0
all,000021,ty,cm,0.0,5,100.0
all,000021,ty,cm,2.0,5,100.0
all,000021,ty,cm,5.0,5,100.0
all,000021,ty,cm,10.0,5,100.0
all,000021,tz,cm,-10.0,5,95.253
all,000021,tz,cm,-5.0,5,98.452
all,000021,tz,cm,-2.0,5,99.116
all,000021,tz,cm,0.0,5,100.0
all,000021,tz,cm,2.0,5,100.0
all,000021,tz,cm,5.0,5,99.773
all,000021,tz,cm,10.0,5,97.527
all,000023,roll,deg,-3.0,1,100.0
all,000023,roll,deg,-2.0,1,100.0
all,000023,roll,deg,-1.0,1,100.0
all,000023,roll,deg,-0.5,1,100.0
all,000023,roll,deg,0.0,1,100.0
all,000023,roll,deg,0.5,1,100.0
all,000023,roll,deg,1.0,1,100.0
all,000023,roll,deg,2.0,1,100.0
all,000023,roll,deg,3.0,1,100.0
all,000023,pitch,deg,-3.0,1,0.0
all,000023,pitch,deg,-2.0,1,17.568
all,000023,pitch,deg,-1.0,1,68.919
all,000023,pitch,deg,-0.5,1,86.486
all,000023,pitch,deg,0.0,1,100.0
all,000023,pitch,deg,0.5,1,93.243
all,000023,pitch,deg,1.0,1,66.216
all,000023,pitch,deg,2.0,1,13.514
all,000023,pitch,deg,3.0,1,0.0
all,000023,yaw,deg,-3.0,1,0.0
all,000023,yaw,deg,-2.0,1,17.568
all,000023,yaw,deg,-1.0,1,58.108
all,000023,yaw,deg,-0.5,1,82.432
all,000023,yaw,deg,0.0,1,100.0
all,000023,yaw,deg,0.5,1,82.432
all,000023,yaw,deg,1.0,1,58.108
all,000023,yaw,deg,2.0,1,13.514
all,000023,yaw,deg,3.0,1,0.0
all,000023,tx,cm,-10.0,1,100.0
all,000023,tx,cm,-5.0,1,100.0
all,000023,tx,cm,-2.0,1,100.0
all,000023,tx,cm,0.0,1,100.0
all,000023,tx,cm,2.0,1,100.0
all,000023,tx,cm,5.0,1,100.0
all,000023,tx,cm,10.0,1,100.0
all,000023,ty,cm,-10.0,1,100.0
all,000023,ty,cm,-5.0,1,100.0
all,000023,ty,cm,-2.0,1,100.0
all,000023,ty,cm,0.0,1,100.0
all,000023,ty,cm,2.0,1,100.0
all,000023,ty,cm,5.0,1,100.0
all,000023,ty,cm,10.0,1,97.297
all,000023,tz,cm,-10.0,1,100.0
all,000023,tz,cm,-5.0,1,100.0
all,000023,tz,cm,-2.0,1,100.0
all,000023,tz,cm,0.0,1,100.0
all,000023,tz,cm,2.0,1,100.0
all,000023,tz,cm,5.0,1,100.0
all,000023,tz,cm,10.0,1,100.0
all,000025,roll,deg,-3.0,4,92.083
all,000025,roll,deg,-2.0,4,93.362
all,000025,roll,deg,-1.0,4,97.066
all,000025,roll,deg,-0.5,4,99.933
all,000025,roll,deg,0.0,4,100.0
all,000025,roll,deg,0.5,4,100.0
all,000025,roll,deg,1.0,4,100.0
all,000025,roll,deg,2.0,4,99.503
all,000025,roll,deg,3.0,4,98.221
all,000025,pitch,deg,-3.0,4,39.398
all,000025,pitch,deg,-2.0,4,66.892
all,000025,pitch,deg,-1.0,4,84.982
all,000025,pitch,deg,-0.5,4,92.699
all,000025,pitch,deg,0.0,4,100.0
all,000025,pitch,deg,0.5,4,96.026
all,000025,pitch,deg,1.0,4,81.423
all,000025,pitch,deg,2.0,4,52.898
all,000025,pitch,deg,3.0,4,36.665
all,000025,yaw,deg,-3.0,4,67.812
all,000025,yaw,deg,-2.0,4,83.849
all,000025,yaw,deg,-1.0,4,96.188
all,000025,yaw,deg,-0.5,4,99.229
all,000025,yaw,deg,0.0,4,100.0
all,000025,yaw,deg,0.5,4,85.53
all,000025,yaw,deg,1.0,4,69.125
all,000025,yaw,deg,2.0,4,51.316
all,000025,yaw,deg,3.0,4,37.05
all,000025,tx,cm,-10.0,4,100.0
all,000025,tx,cm,-5.0,4,100.0
all,000025,tx,cm,-2.0,4,100.0
all,000025,tx,cm,0.0,4,100.0
all,000025,tx,cm,2.0,4,100.0
all,000025,tx,cm,5.0,4,100.0
all,000025,tx,cm,10.0,4,100.0
all,000025,ty,cm,-10.0,4,100.0
all,000025,ty,cm,-5.0,4,100.0
all,000025,ty,cm,-2.0,4,100.0
all,000025,ty,cm,0.0,4,100.0
all,000025,ty,cm,2.0,4,100.0
all,000025,ty,cm,5.0,4,99.978
all,000025,ty,cm,10.0,4,98.985
all,000025,tz,cm,-10.0,4,97.772
all,000025,tz,cm,-5.0,4,99.844
all,000025,tz,cm,-2.0,4,100.0
all,000025,tz,cm,0.0,4,100.0
all,000025,tz,cm,2.0,4,100.0
all,000025,tz,cm,5.0,4,100.0
all,000025,tz,cm,10.0,4,93.518
all,000031,roll,deg,-3.0,5,95.666
all,000031,roll,deg,-2.0,5,98.113
all,000031,roll,deg,-1.0,5,99.241
all,000031,roll,deg,-0.5,5,99.63
all,000031,roll,deg,0.0,5,100.0
all,000031,roll,deg,0.5,5,99.903
all,000031,roll,deg,1.0,5,99.689
all,000031,roll,deg,2.0,5,98.833
all,000031,roll,deg,3.0,5,97.234
all,000031,pitch,deg,-3.0,5,46.79
all,000031,pitch,deg,-2.0,5,60.484
all,000031,pitch,deg,-1.0,5,87.855
all,000031,pitch,deg,-0.5,5,96.631
all,000031,pitch,deg,0.0,5,100.0
all,000031,pitch,deg,0.5,5,91.362
all,000031,pitch,deg,1.0,5,81.192
all,000031,pitch,deg,2.0,5,58.67
all,000031,pitch,deg,3.0,5,44.262
all,000031,yaw,deg,-3.0,5,55.395
all,000031,yaw,deg,-2.0,5,66.145
all,000031,yaw,deg,-1.0,5,85.622
all,000031,yaw,deg,-0.5,5,94.574
all,000031,yaw,deg,0.0,5,100.0
all,000031,yaw,deg,0.5,5,95.675
all,000031,yaw,deg,1.0,5,85.713
all,000031,yaw,deg,2.0,5,64.808
all,000031,yaw,deg,3.0,5,51.816
all,000031,tx,cm,-10.0,5,99.981
all,000031,tx,cm,-5.0,5,100.0
all,000031,tx,cm,-2.0,5,100.0
all,000031,tx,cm,0.0,5,100.0
all,000031,tx,cm,2.0,5,100.0
all,000031,tx,cm,5.0,5,100.0
all,000031,tx,cm,10.0,5,100.0
all,000031,ty,cm,-10.0,5,99.214
all,000031,ty,cm,-5.0,5,100.0
all,000031,ty,cm,-2.0,5,100.0
all,000031,ty,cm,0.0,5,100.0
all,000031,ty,cm,2.0,5,100.0
all,000031,ty,cm,5.0,5,99.961
all,000031,ty,cm,10.0,5,99.568
all,000031,tz,cm,-10.0,5,98.773
all,000031,tz,cm,-5.0,5,99.747
all,000031,tz,cm,-2.0,5,100.0
all,000031,tz,cm,0.0,5,100.0
all,000031,tz,cm,2.0,5,100.0
all,000031,tz,cm,5.0,5,99.241
all,000031,tz,cm,10.0,5,97.724
all,000032,roll,deg,-3.0,6,91.243
all,000032,roll,deg,-2.0,6,95.192
all,000032,roll,deg,-1.0,6,99.594
all,000032,roll,deg,-0.5,6,99.959
all,000032,roll,deg,0.0,6,99.975
all,000032,roll,deg,0.5,6,99.926
all,000032,roll,deg,1.0,6,99.632
all,000032,roll,deg,2.0,6,98.45
all,000032,roll,deg,3.0,6,97.17
all,000032,pitch,deg,-3.0,6,45.182
all,000032,pitch,deg,-2.0,6,58.254
all,000032,pitch,deg,-1.0,6,89.264
all,000032,pitch,deg,-0.5,6,94.832
all,000032,pitch,deg,0.0,6,99.975
all,000032,pitch,deg,0.5,6,90.911
all,000032,pitch,deg,1.0,6,74.875
all,000032,pitch,deg,2.0,6,64.133
all,000032,pitch,deg,3.0,6,53.941
all,000032,yaw,deg,-3.0,6,56.239
all,000032,yaw,deg,-2.0,6,67.611
all,000032,yaw,deg,-1.0,6,86.821
all,000032,yaw,deg,-0.5,6,94.874
all,000032,yaw,deg,0.0,6,99.975
all,000032,yaw,deg,0.5,6,96.301
all,000032,yaw,deg,1.0,6,87.717
all,000032,yaw,deg,2.0,6,70.187
all,000032,yaw,deg,3.0,6,58.548
all,000032,tx,cm,-10.0,6,99.926
all,000032,tx,cm,-5.0,6,99.926
all,000032,tx,cm,-2.0,6,99.951
all,000032,tx,cm,0.0,6,99.975
all,000032,tx,cm,2.0,6,100.0
all,000032,tx,cm,5.0,6,100.0
all,000032,tx,cm,10.0,6,100.0
all,000032,ty,cm,-10.0,6,99.147
all,000032,ty,cm,-5.0,6,99.988
all,000032,ty,cm,-2.0,6,99.988
all,000032,ty,cm,0.0,6,99.975
all,000032,ty,cm,2.0,6,99.975
all,000032,ty,cm,5.0,6,99.975
all,000032,ty,cm,10.0,6,99.975
all,000032,tz,cm,-10.0,6,99.569
all,000032,tz,cm,-5.0,6,99.926
all,000032,tz,cm,-2.0,6,99.926
all,000032,tz,cm,0.0,6,99.975
all,000032,tz,cm,2.0,6,100.0
all,000032,tz,cm,5.0,6,99.605
all,000032,tz,cm,10.0,6,97.285
all,000049,roll,deg,-3.0,5,89.905
all,000049,roll,deg,-2.0,5,94.339
all,000049,roll,deg,-1.0,5,97.829
all,000049,roll,deg,-0.5,5,100.0
all,000049,roll,deg,0.0,5,100.0
all,000049,roll,deg,0.5,5,100.0
all,000049,roll,deg,1.0,5,97.969
all,000049,roll,deg,2.0,5,96.212
all,000049,roll,deg,3.0,5,93.944
all,000049,pitch,deg,-3.0,5,44.604
all,000049,pitch,deg,-2.0,5,68.036
all,000049,pitch,deg,-1.0,5,86.363
all,000049,pitch,deg,-0.5,5,93.233
all,000049,pitch,deg,0.0,5,100.0
all,000049,pitch,deg,0.5,5,97.584
all,000049,pitch,deg,1.0,5,90.181
all,000049,pitch,deg,2.0,5,70.142
all,000049,pitch,deg,3.0,5,52.252
all,000049,yaw,deg,-3.0,5,76.563
all,000049,yaw,deg,-2.0,5,87.313
all,000049,yaw,deg,-1.0,5,95.173
all,000049,yaw,deg,-0.5,5,98.318
all,000049,yaw,deg,0.0,5,100.0
all,000049,yaw,deg,0.5,5,97.851
all,000049,yaw,deg,1.0,5,93.254
all,000049,yaw,deg,2.0,5,83.522
all,000049,yaw,deg,3.0,5,73.091
all,000049,tx,cm,-10.0,5,100.0
all,000049,tx,cm,-5.0,5,100.0
all,000049,tx,cm,-2.0,5,100.0
all,000049,tx,cm,0.0,5,100.0
all,000049,tx,cm,2.0,5,100.0
all,000049,tx,cm,5.0,5,100.0
all,000049,tx,cm,10.0,5,100.0
all,000049,ty,cm,-10.0,5,99.32
all,000049,ty,cm,-5.0,5,100.0
all,000049,ty,cm,-2.0,5,100.0
all,000049,ty,cm,0.0,5,100.0
all,000049,ty,cm,2.0,5,100.0
all,000049,ty,cm,5.0,5,100.0
all,000049,ty,cm,10.0,5,99.248
all,000049,tz,cm,-10.0,5,99.245
all,000049,tz,cm,-5.0,5,99.914
all,000049,tz,cm,-2.0,5,100.0
all,000049,tz,cm,0.0,5,100.0
all,000049,tz,cm,2.0,5,100.0
all,000049,tz,cm,5.0,5,100.0
all,000049,tz,cm,10.0,5,94.266
all,000061,roll,deg,-3.0,1,68.276
all,000061,roll,deg,-2.0,1,81.379
all,000061,roll,deg,-1.0,1,97.931
all,000061,roll,deg,-0.5,1,100.0
all,000061,roll,deg,0.0,1,100.0
all,000061,roll,deg,0.5,1,100.0
all,000061,roll,deg,1.0,1,91.034
all,000061,roll,deg,2.0,1,84.138
all,000061,roll,deg,3.0,1,68.966
all,000061,pitch,deg,-3.0,1,50.345
all,000061,pitch,deg,-2.0,1,68.966
all,000061,pitch,deg,-1.0,1,88.966
all,000061,pitch,deg,-0.5,1,100.0
all,000061,pitch,deg,0.0,1,100.0
all,000061,pitch,deg,0.5,1,100.0
all,000061,pitch,deg,1.0,1,90.345
all,000061,pitch,deg,2.0,1,73.103
all,000061,pitch,deg,3.0,1,55.172
all,000061,yaw,deg,-3.0,1,6.897
all,000061,yaw,deg,-2.0,1,37.931
all,000061,yaw,deg,-1.0,1,80.69
all,000061,yaw,deg,-0.5,1,100.0
all,000061,yaw,deg,0.0,1,100.0
all,000061,yaw,deg,0.5,1,100.0
all,000061,yaw,deg,1.0,1,99.31
all,000061,yaw,deg,2.0,1,83.448
all,000061,yaw,deg,3.0,1,44.828
all,000061,tx,cm,-10.0,1,100.0
all,000061,tx,cm,-5.0,1,100.0
all,000061,tx,cm,-2.0,1,100.0
all,000061,tx,cm,0.0,1,100.0
all,000061,tx,cm,2.0,1,100.0
all,000061,tx,cm,5.0,1,100.0
all,000061,tx,cm,10.0,1,100.0
all,000061,ty,cm,-10.0,1,100.0
all,000061,ty,cm,-5.0,1,100.0
all,000061,ty,cm,-2.0,1,100.0
all,000061,ty,cm,0.0,1,100.0
all,000061,ty,cm,2.0,1,100.0
all,000061,ty,cm,5.0,1,100.0
all,000061,ty,cm,10.0,1,100.0
all,000061,tz,cm,-10.0,1,100.0
all,000061,tz,cm,-5.0,1,100.0
all,000061,tz,cm,-2.0,1,100.0
all,000061,tz,cm,0.0,1,100.0
all,000061,tz,cm,2.0,1,100.0
all,000061,tz,cm,5.0,1,100.0
all,000061,tz,cm,10.0,1,100.0
far,000001,roll,deg,-3.0,1,98.571
far,000001,roll,deg,-2.0,1,98.571
far,000001,roll,deg,-1.0,1,100.0
far,000001,roll,deg,-0.5,1,100.0
far,000001,roll,deg,0.0,1,100.0
far,000001,roll,deg,0.5,1,100.0
far,000001,roll,deg,1.0,1,100.0
far,000001,roll,deg,2.0,1,100.0
far,000001,roll,deg,3.0,1,100.0
far,000001,pitch,deg,-3.0,1,0.0
far,000001,pitch,deg,-2.0,1,11.429
far,000001,pitch,deg,-1.0,1,67.143
far,000001,pitch,deg,-0.5,1,85.714
far,000001,pitch,deg,0.0,1,100.0
far,000001,pitch,deg,0.5,1,92.857
far,000001,pitch,deg,1.0,1,70.0
far,000001,pitch,deg,2.0,1,14.286
far,000001,pitch,deg,3.0,1,0.0
far,000001,yaw,deg,-3.0,1,0.0
far,000001,yaw,deg,-2.0,1,17.143
far,000001,yaw,deg,-1.0,1,64.286
far,000001,yaw,deg,-0.5,1,84.286
far,000001,yaw,deg,0.0,1,100.0
far,000001,yaw,deg,0.5,1,75.714
far,000001,yaw,deg,1.0,1,54.286
far,000001,yaw,deg,2.0,1,10.0
far,000001,yaw,deg,3.0,1,0.0
far,000001,tx,cm,-10.0,1,100.0
far,000001,tx,cm,-5.0,1,100.0
far,000001,tx,cm,-2.0,1,100.0
far,000001,tx,cm,0.0,1,100.0
far,000001,tx,cm,2.0,1,100.0
far,000001,tx,cm,5.0,1,100.0
far,000001,tx,cm,10.0,1,100.0
far,000001,ty,cm,-10.0,1,98.571
far,000001,ty,cm,-5.0,1,98.571
far,000001,ty,cm,-2.0,1,100.0
far,000001,ty,cm,0.0,1,100.0
far,000001,ty,cm,2.0,1,100.0
far,000001,ty,cm,5.0,1,98.571
far,000001,ty,cm,10.0,1,97.143
far,000001,tz,cm,-10.0,1,100.0
far,000001,tz,cm,-5.0,1,100.0
far,000001,tz,cm,-2.0,1,100.0
far,000001,tz,cm,0.0,1,100.0
far,000001,tz,cm,2.0,1,100.0
far,000001,tz,cm,5.0,1,100.0
far,000001,tz,cm,10.0,1,100.0
far,000004,roll,deg,-3.0,2,16.858
far,000004,roll,deg,-2.0,2,54.87
far,000004,roll,deg,-1.0,2,92.857
far,000004,roll,deg,-0.5,2,95.454
far,000004,roll,deg,0.0,2,100.0
far,000004,roll,deg,0.5,2,100.0
far,000004,roll,deg,1.0,2,100.0
far,000004,roll,deg,2.0,2,95.48
far,000004,roll,deg,3.0,2,59.416
far,000004,pitch,deg,-3.0,2,0.0
far,000004,pitch,deg,-2.0,2,7.143
far,000004,pitch,deg,-1.0,2,72.402
far,000004,pitch,deg,-0.5,2,98.077
far,000004,pitch,deg,0.0,2,100.0
far,000004,pitch,deg,0.5,2,92.857
far,000004,pitch,deg,1.0,2,17.508
far,000004,pitch,deg,2.0,2,0.0
far,000004,pitch,deg,3.0,2,0.0
far,000004,yaw,deg,-3.0,2,11.688
far,000004,yaw,deg,-2.0,2,41.983
far,000004,yaw,deg,-1.0,2,73.602
far,000004,yaw,deg,-0.5,2,90.984
far,000004,yaw,deg,0.0,2,100.0
far,000004,yaw,deg,0.5,2,91.009
far,000004,yaw,deg,1.0,2,74.9
far,000004,yaw,deg,2.0,2,47.827
far,000004,yaw,deg,3.0,2,13.636
far,000004,tx,cm,-10.0,2,100.0
far,000004,tx,cm,-5.0,2,100.0
far,000004,tx,cm,-2.0,2,100.0
far,000004,tx,cm,0.0,2,100.0
far,000004,tx,cm,2.0,2,100.0
far,000004,tx,cm,5.0,2,100.0
far,000004,tx,cm,10.0,2,100.0
far,000004,ty,cm,-10.0,2,100.0
far,000004,ty,cm,-5.0,2,100.0
far,000004,ty,cm,-2.0,2,100.0
far,000004,ty,cm,0.0,2,100.0
far,000004,ty,cm,2.0,2,100.0
far,000004,ty,cm,5.0,2,100.0
far,000004,ty,cm,10.0,2,100.0
far,000004,tz,cm,-10.0,2,98.702
far,000004,tz,cm,-5.0,2,100.0
far,000004,tz,cm,-2.0,2,100.0
far,000004,tz,cm,0.0,2,100.0
far,000004,tz,cm,2.0,2,100.0
far,000004,tz,cm,5.0,2,100.0
far,000004,tz,cm,10.0,2,100.0
far,000007,roll,deg,-3.0,1,97.382
far,000007,roll,deg,-2.0,1,99.476
far,000007,roll,deg,-1.0,1,100.0
far,000007,roll,deg,-0.5,1,100.0
far,000007,roll,deg,0.0,1,100.0
far,000007,roll,deg,0.5,1,100.0
far,000007,roll,deg,1.0,1,100.0
far,000007,roll,deg,2.0,1,100.0
far,000007,roll,deg,3.0,1,99.476
far,000007,pitch,deg,-3.0,1,32.984
far,000007,pitch,deg,-2.0,1,67.016
far,000007,pitch,deg,-1.0,1,89.529
far,000007,pitch,deg,-0.5,1,91.623
far,000007,pitch,deg,0.0,1,100.0
far,000007,pitch,deg,0.5,1,89.005
far,000007,pitch,deg,1.0,1,67.016
far,000007,pitch,deg,2.0,1,32.984
far,000007,pitch,deg,3.0,1,10.471
far,000007,yaw,deg,-3.0,1,24.084
far,000007,yaw,deg,-2.0,1,52.356
far,000007,yaw,deg,-1.0,1,81.152
far,000007,yaw,deg,-0.5,1,93.194
far,000007,yaw,deg,0.0,1,100.0
far,000007,yaw,deg,0.5,1,90.052
far,000007,yaw,deg,1.0,1,78.534
far,000007,yaw,deg,2.0,1,51.309
far,000007,yaw,deg,3.0,1,21.99
far,000007,tx,cm,-10.0,1,100.0
far,000007,tx,cm,-5.0,1,100.0
far,000007,tx,cm,-2.0,1,100.0
far,000007,tx,cm,0.0,1,100.0
far,000007,tx,cm,2.0,1,100.0
far,000007,tx,cm,5.0,1,100.0
far,000007,tx,cm,10.0,1,100.0
far,000007,ty,cm,-10.0,1,98.953
far,000007,ty,cm,-5.0,1,99.476
far,000007,ty,cm,-2.0,1,100.0
far,000007,ty,cm,0.0,1,100.0
far,000007,ty,cm,2.0,1,100.0
far,000007,ty,cm,5.0,1,100.0
far,000007,ty,cm,10.0,1,97.382
far,000007,tz,cm,-10.0,1,89.005
far,000007,tz,cm,-5.0,1,100.0
far,000007,tz,cm,-2.0,1,100.0
far,000007,tz,cm,0.0,1,100.0
far,000007,tz,cm,2.0,1,100.0
far,000007,tz,cm,5.0,1,100.0
far,000007,tz,cm,10.0,1,100.0
far,000008,roll,deg,-3.0,1,98.113
far,000008,roll,deg,-2.0,1,98.113
far,000008,roll,deg,-1.0,1,98.113
far,000008,roll,deg,-0.5,1,100.0
far,000008,roll,deg,0.0,1,100.0
far,000008,roll,deg,0.5,1,100.0
far,000008,roll,deg,1.0,1,88.679
far,000008,roll,deg,2.0,1,73.585
far,000008,roll,deg,3.0,1,64.151
far,000008,pitch,deg,-3.0,1,0.0
far,000008,pitch,deg,-2.0,1,56.604
far,000008,pitch,deg,-1.0,1,98.113
far,000008,pitch,deg,-0.5,1,98.113
far,000008,pitch,deg,0.0,1,100.0
far,000008,pitch,deg,0.5,1,73.585
far,000008,pitch,deg,1.0,1,43.396
far,000008,pitch,deg,2.0,1,3.774
far,000008,pitch,deg,3.0,1,0.0
far,000008,yaw,deg,-3.0,1,16.981
far,000008,yaw,deg,-2.0,1,60.377
far,000008,yaw,deg,-1.0,1,88.679
far,000008,yaw,deg,-0.5,1,100.0
far,000008,yaw,deg,0.0,1,100.0
far,000008,yaw,deg,0.5,1,90.566
far,000008,yaw,deg,1.0,1,75.472
far,000008,yaw,deg,2.0,1,32.075
far,000008,yaw,deg,3.0,1,5.66
far,000008,tx,cm,-10.0,1,100.0
far,000008,tx,cm,-5.0,1,100.0
far,000008,tx,cm,-2.0,1,100.0
far,000008,tx,cm,0.0,1,100.0
far,000008,tx,cm,2.0,1,100.0
far,000008,tx,cm,5.0,1,100.0
far,000008,tx,cm,10.0,1,100.0
far,000008,ty,cm,-10.0,1,100.0
far,000008,ty,cm,-5.0,1,100.0
far,000008,ty,cm,-2.0,1,100.0
far,000008,ty,cm,0.0,1,100.0
far,000008,ty,cm,2.0,1,100.0
far,000008,ty,cm,5.0,1,100.0
far,000008,ty,cm,10.0,1,100.0
far,000008,tz,cm,-10.0,1,100.0
far,000008,tz,cm,-5.0,1,100.0
far,000008,tz,cm,-2.0,1,100.0
far,000008,tz,cm,0.0,1,100.0
far,000008,tz,cm,2.0,1,100.0
far,000008,tz,cm,5.0,1,100.0
far,000008,tz,cm,10.0,1,98.113
far,000009,roll,deg,-3.0,1,99.087
far,000009,roll,deg,-2.0,1,100.0
far,000009,roll,deg,-1.0,1,100.0
far,000009,roll,deg,-0.5,1,100.0
far,000009,roll,deg,0.0,1,100.0
far,000009,roll,deg,0.5,1,100.0
far,000009,roll,deg,1.0,1,100.0
far,000009,roll,deg,2.0,1,100.0
far,000009,roll,deg,3.0,1,100.0
far,000009,pitch,deg,-3.0,1,34.247
far,000009,pitch,deg,-2.0,1,65.753
far,000009,pitch,deg,-1.0,1,90.411
far,000009,pitch,deg,-0.5,1,92.237
far,000009,pitch,deg,0.0,1,100.0
far,000009,pitch,deg,0.5,1,88.584
far,000009,pitch,deg,1.0,1,74.429
far,000009,pitch,deg,2.0,1,41.553
far,000009,pitch,deg,3.0,1,12.329
far,000009,yaw,deg,-3.0,1,31.963
far,000009,yaw,deg,-2.0,1,56.621
far,000009,yaw,deg,-1.0,1,80.365
far,000009,yaw,deg,-0.5,1,93.607
far,000009,yaw,deg,0.0,1,100.0
far,000009,yaw,deg,0.5,1,92.694
far,000009,yaw,deg,1.0,1,82.192
far,000009,yaw,deg,2.0,1,54.795
far,000009,yaw,deg,3.0,1,30.137
far,000009,tx,cm,-10.0,1,100.0
far,000009,tx,cm,-5.0,1,100.0
far,000009,tx,cm,-2.0,1,100.0
far,000009,tx,cm,0.0,1,100.0
far,000009,tx,cm,2.0,1,100.0
far,000009,tx,cm,5.0,1,100.0
far,000009,tx,cm,10.0,1,100.0
far,000009,ty,cm,-10.0,1,97.717
far,000009,ty,cm,-5.0,1,99.543
far,000009,ty,cm,-2.0,1,100.0
far,000009,ty,cm,0.0,1,100.0
far,000009,ty,cm,2.0,1,100.0
far,000009,ty,cm,5.0,1,100.0
far,000009,ty,cm,10.0,1,99.087
far,000009,tz,cm,-10.0,1,100.0
far,000009,tz,cm,-5.0,1,100.0
far,000009,tz,cm,-2.0,1,100.0
far,000009,tz,cm,0.0,1,100.0
far,000009,tz,cm,2.0,1,100.0
far,000009,tz,cm,5.0,1,100.0
far,000009,tz,cm,10.0,1,100.0
far,000010,roll,deg,-3.0,3,94.543
far,000010,roll,deg,-2.0,3,94.814
far,000010,roll,deg,-1.0,3,94.949
far,000010,roll,deg,-0.5,3,100.0
far,000010,roll,deg,0.0,3,100.0
far,000010,roll,deg,0.5,3,100.0
far,000010,roll,deg,1.0,3,86.616
far,000010,roll,deg,2.0,3,78.535
far,000010,roll,deg,3.0,3,77.525
far,000010,pitch,deg,-3.0,3,14.671
far,000010,pitch,deg,-2.0,3,50.277
far,000010,pitch,deg,-1.0,3,87.957
far,000010,pitch,deg,-0.5,3,89.041
far,000010,pitch,deg,0.0,3,100.0
far,000010,pitch,deg,0.5,3,69.532
far,000010,pitch,deg,1.0,3,48.125
far,000010,pitch,deg,2.0,3,18.059
far,000010,pitch,deg,3.0,3,8.709
far,000010,yaw,deg,-3.0,3,29.453
far,000010,yaw,deg,-2.0,3,61.922
far,000010,yaw,deg,-1.0,3,92.873
far,000010,yaw,deg,-0.5,3,95.447
far,000010,yaw,deg,0.0,3,100.0
far,000010,yaw,deg,0.5,3,93.939
far,000010,yaw,deg,1.0,3,78.962
far,000010,yaw,deg,2.0,3,37.712
far,000010,yaw,deg,3.0,3,20.813
far,000010,tx,cm,-10.0,3,100.0
far,000010,tx,cm,-5.0,3,100.0
far,000010,tx,cm,-2.0,3,100.0
far,000010,tx,cm,0.0,3,100.0
far,000010,tx,cm,2.0,3,100.0
far,000010,tx,cm,5.0,3,100.0
far,000010,tx,cm,10.0,3,100.0
far,000010,ty,cm,-10.0,3,99.864
far,000010,ty,cm,-5.0,3,100.0
far,000010,ty,cm,-2.0,3,100.0
far,000010,ty,cm,0.0,3,100.0
far,000010,ty,cm,2.0,3,100.0
far,000010,ty,cm,5.0,3,100.0
far,000010,ty,cm,10.0,3,100.0
far,000010,tz,cm,-10.0,3,85.261
far,000010,tz,cm,-5.0,3,98.645
far,000010,tz,cm,-2.0,3,98.645
far,000010,tz,cm,0.0,3,100.0
far,000010,tz,cm,2.0,3,100.0
far,000010,tz,cm,5.0,3,100.0
far,000010,tz,cm,10.0,3,100.0
far,000011,roll,deg,-3.0,1,80.288
far,000011,roll,deg,-2.0,1,87.5
far,000011,roll,deg,-1.0,1,89.904
far,000011,roll,deg,-0.5,1,90.865
far,000011,roll,deg,0.0,1,100.0
far,000011,roll,deg,0.5,1,100.0
far,000011,roll,deg,1.0,1,100.0
far,000011,roll,deg,2.0,1,93.75
far,000011,roll,deg,3.0,1,91.827
far,000011,pitch,deg,-3.0,1,40.385
far,000011,pitch,deg,-2.0,1,74.519
far,000011,pitch,deg,-1.0,1,81.731
far,000011,pitch,deg,-0.5,1,91.827
far,000011,pitch,deg,0.0,1,100.0
far,000011,pitch,deg,0.5,1,79.808
far,000011,pitch,deg,1.0,1,70.192
far,000011,pitch,deg,2.0,1,37.5
far,000011,pitch,deg,3.0,1,21.635
far,000011,yaw,deg,-3.0,1,28.365
far,000011,yaw,deg,-2.0,1,53.846
far,000011,yaw,deg,-1.0,1,79.327
far,000011,yaw,deg,-0.5,1,92.788
far,000011,yaw,deg,0.0,1,100.0
far,000011,yaw,deg,0.5,1,95.673
far,000011,yaw,deg,1.0,1,85.577
far,000011,yaw,deg,2.0,1,61.058
far,000011,yaw,deg,3.0,1,36.538
far,000011,tx,cm,-10.0,1,100.0
far,000011,tx,cm,-5.0,1,100.0
far,000011,tx,cm,-2.0,1,100.0
far,000011,tx,cm,0.0,1,100.0
far,000011,tx,cm,2.0,1,100.0
far,000011,tx,cm,5.0,1,100.0
far,000011,tx,cm,10.0,1,100.0
far,000011,ty,cm,-10.0,1,98.558
far,000011,ty,cm,-5.0,1,100.0
far,000011,ty,cm,-2.0,1,100.0
far,000011,ty,cm,0.0,1,100.0
far,000011,ty,cm,2.0,1,100.0
far,000011,ty,cm,5.0,1,100.0
far,000011,ty,cm,10.0,1,100.0
far,000011,tz,cm,-10.0,1,89.904
far,000011,tz,cm,-5.0,1,89.904
far,000011,tz,cm,-2.0,1,96.154
far,000011,tz,cm,0.0,1,100.0
far,000011,tz,cm,2.0,1,100.0
far,000011,tz,cm,5.0,1,100.0
far,000011,tz,cm,10.0,1,100.0
far,000012,roll,deg,-3.0,1,97.436
far,000012,roll,deg,-2.0,1,100.0
far,000012,roll,deg,-1.0,1,100.0
far,000012,roll,deg,-0.5,1,100.0
far,000012,roll,deg,0.0,1,100.0
far,000012,roll,deg,0.5,1,100.0
far,000012,roll,deg,1.0,1,100.0
far,000012,roll,deg,2.0,1,71.795
far,000012,roll,deg,3.0,1,71.795
far,000012,pitch,deg,-3.0,1,0.0
far,000012,pitch,deg,-2.0,1,0.0
far,000012,pitch,deg,-1.0,1,53.846
far,000012,pitch,deg,-0.5,1,71.795
far,000012,pitch,deg,0.0,1,100.0
far,000012,pitch,deg,0.5,1,100.0
far,000012,pitch,deg,1.0,1,46.154
far,000012,pitch,deg,2.0,1,28.205
far,000012,pitch,deg,3.0,1,0.0
far,000012,yaw,deg,-3.0,1,0.0
far,000012,yaw,deg,-2.0,1,12.821
far,000012,yaw,deg,-1.0,1,61.538
far,000012,yaw,deg,-0.5,1,92.308
far,000012,yaw,deg,0.0,1,100.0
far,000012,yaw,deg,0.5,1,89.744
far,000012,yaw,deg,1.0,1,58.974
far,000012,yaw,deg,2.0,1,10.256
far,000012,yaw,deg,3.0,1,0.0
far,000012,tx,cm,-10.0,1,100.0
far,000012,tx,cm,-5.0,1,100.0
far,000012,tx,cm,-2.0,1,100.0
far,000012,tx,cm,0.0,1,100.0
far,000012,tx,cm,2.0,1,100.0
far,000012,tx,cm,5.0,1,100.0
far,000012,tx,cm,10.0,1,100.0
far,000012,ty,cm,-10.0,1,100.0
far,000012,ty,cm,-5.0,1,100.0
far,000012,ty,cm,-2.0,1,100.0
far,000012,ty,cm,0.0,1,100.0
far,000012,ty,cm,2.0,1,100.0
far,000012,ty,cm,5.0,1,100.0
far,000012,ty,cm,10.0,1,100.0
far,000012,tz,cm,-10.0,1,100.0
far,000012,tz,cm,-5.0,1,100.0
far,000012,tz,cm,-2.0,1,100.0
far,000012,tz,cm,0.0,1,100.0
far,000012,tz,cm,2.0,1,100.0
far,000012,tz,cm,5.0,1,100.0
far,000012,tz,cm,10.0,1,100.0
far,000016,roll,deg,-3.0,1,100.0
far,000016,roll,deg,-2.0,1,100.0
far,000016,roll,deg,-1.0,1,100.0
far,000016,roll,deg,-0.5,1,100.0
far,000016,roll,deg,0.0,1,100.0
far,000016,roll,deg,0.5,1,100.0
far,000016,roll,deg,1.0,1,100.0
far,000016,roll,deg,2.0,1,94.118
far,000016,roll,deg,3.0,1,82.353
far,000016,pitch,deg,-3.0,1,0.0
far,000016,pitch,deg,-2.0,1,17.647
far,000016,pitch,deg,-1.0,1,78.431
far,000016,pitch,deg,-0.5,1,100.0
far,000016,pitch,deg,0.0,1,100.0
far,000016,pitch,deg,0.5,1,82.353
far,000016,pitch,deg,1.0,1,74.51
far,000016,pitch,deg,2.0,1,7.843
far,000016,pitch,deg,3.0,1,0.0
far,000016,yaw,deg,-3.0,1,23.529
far,000016,yaw,deg,-2.0,1,50.98
far,000016,yaw,deg,-1.0,1,96.078
far,000016,yaw,deg,-0.5,1,98.039
far,000016,yaw,deg,0.0,1,100.0
far,000016,yaw,deg,0.5,1,90.196
far,000016,yaw,deg,1.0,1,74.51
far,000016,yaw,deg,2.0,1,43.137
far,000016,yaw,deg,3.0,1,1.961
far,000016,tx,cm,-10.0,1,100.0
far,000016,tx,cm,-5.0,1,100.0
far,000016,tx,cm,-2.0,1,100.0
far,000016,tx,cm,0.0,1,100.0
far,000016,tx,cm,2.0,1,100.0
far,000016,tx,cm,5.0,1,100.0
far,000016,tx,cm,10.0,1,100.0
far,000016,ty,cm,-10.0,1,100.0
far,000016,ty,cm,-5.0,1,100.0
far,000016,ty,cm,-2.0,1,100.0
far,000016,ty,cm,0.0,1,100.0
far,000016,ty,cm,2.0,1,100.0
far,000016,ty,cm,5.0,1,100.0
far,000016,ty,cm,10.0,1,100.0
far,000016,tz,cm,-10.0,1,100.0
far,000016,tz,cm,-5.0,1,100.0
far,000016,tz,cm,-2.0,1,100.0
far,000016,tz,cm,0.0,1,100.0
far,000016,tz,cm,2.0,1,100.0
far,000016,tz,cm,5.0,1,100.0
far,000016,tz,cm,10.0,1,100.0
far,000019,roll,deg,-3.0,1,100.0
far,000019,roll,deg,-2.0,1,100.0
far,000019,roll,deg,-1.0,1,100.0
far,000019,roll,deg,-0.5,1,100.0
far,000019,roll,deg,0.0,1,100.0
far,000019,roll,deg,0.5,1,100.0
far,000019,roll,deg,1.0,1,100.0
far,000019,roll,deg,2.0,1,100.0
far,000019,roll,deg,3.0,1,96.226
far,000019,pitch,deg,-3.0,1,8.491
far,000019,pitch,deg,-2.0,1,55.66
far,000019,pitch,deg,-1.0,1,93.396
far,000019,pitch,deg,-0.5,1,96.226
far,000019,pitch,deg,0.0,1,100.0
far,000019,pitch,deg,0.5,1,91.509
far,000019,pitch,deg,1.0,1,61.321
far,000019,pitch,deg,2.0,1,11.321
far,000019,pitch,deg,3.0,1,0.0
far,000019,yaw,deg,-3.0,1,6.604
far,000019,yaw,deg,-2.0,1,43.396
far,000019,yaw,deg,-1.0,1,73.585
far,000019,yaw,deg,-0.5,1,86.792
far,000019,yaw,deg,0.0,1,100.0
far,000019,yaw,deg,0.5,1,93.396
far,000019,yaw,deg,1.0,1,73.585
far,000019,yaw,deg,2.0,1,39.623
far,000019,yaw,deg,3.0,1,12.264
far,000019,tx,cm,-10.0,1,100.0
far,000019,tx,cm,-5.0,1,100.0
far,000019,tx,cm,-2.0,1,100.0
far,000019,tx,cm,0.0,1,100.0
far,000019,tx,cm,2.0,1,100.0
far,000019,tx,cm,5.0,1,100.0
far,000019,tx,cm,10.0,1,100.0
far,000019,ty,cm,-10.0,1,100.0
far,000019,ty,cm,-5.0,1,100.0
far,000019,ty,cm,-2.0,1,100.0
far,000019,ty,cm,0.0,1,100.0
far,000019,ty,cm,2.0,1,100.0
far,000019,ty,cm,5.0,1,100.0
far,000019,ty,cm,10.0,1,100.0
far,000019,tz,cm,-10.0,1,100.0
far,000019,tz,cm,-5.0,1,100.0
far,000019,tz,cm,-2.0,1,100.0
far,000019,tz,cm,0.0,1,100.0
far,000019,tz,cm,2.0,1,100.0
far,000019,tz,cm,5.0,1,100.0
far,000019,tz,cm,10.0,1,100.0
far,000021,roll,deg,-3.0,3,96.866
far,000021,roll,deg,-2.0,3,99.242
far,000021,roll,deg,-1.0,3,99.621
far,000021,roll,deg,-0.5,3,99.621
far,000021,roll,deg,0.0,3,100.0
far,000021,roll,deg,0.5,3,99.723
far,000021,roll,deg,1.0,3,94.847
far,000021,roll,deg,2.0,3,92.184
far,000021,roll,deg,3.0,3,86.371
far,000021,pitch,deg,-3.0,3,43.388
far,000021,pitch,deg,-2.0,3,75.388
far,000021,pitch,deg,-1.0,3,91.915
far,000021,pitch,deg,-0.5,3,93.43
far,000021,pitch,deg,0.0,3,100.0
far,000021,pitch,deg,0.5,3,92.221
far,000021,pitch,deg,1.0,3,71.74
far,000021,pitch,deg,2.0,3,39.1
far,000021,pitch,deg,3.0,3,23.653
far,000021,yaw,deg,-3.0,3,43.545
far,000021,yaw,deg,-2.0,3,65.647
far,000021,yaw,deg,-1.0,3,86.88
far,000021,yaw,deg,-0.5,3,95.278
far,000021,yaw,deg,0.0,3,100.0
far,000021,yaw,deg,0.5,3,99.776
far,000021,yaw,deg,1.0,3,95.741
far,000021,yaw,deg,2.0,3,80.323
far,000021,yaw,deg,3.0,3,58.293
far,000021,tx,cm,-10.0,3,100.0
far,000021,tx,cm,-5.0,3,100.0
far,000021,tx,cm,-2.0,3,100.0
far,000021,tx,cm,0.0,3,100.0
far,000021,tx,cm,2.0,3,100.0
far,000021,tx,cm,5.0,3,100.0
far,000021,tx,cm,10.0,3,100.0
far,000021,ty,cm,-10.0,3,98.926
far,000021,ty,cm,-5.0,3,100.0
far,000021,ty,cm,-2.0,3,100.0
far,000021,ty,cm,0.0,3,100.0
far,000021,ty,cm,2.0,3,100.0
far,000021,ty,cm,5.0,3,100.0
far,000021,ty,cm,10.0,3,100.0
far,000021,tz,cm,-10.0,3,94.861
far,000021,tz,cm,-5.0,3,99.723
far,000021,tz,cm,-2.0,3,100.0
far,000021,tz,cm,0.0,3,100.0
far,000021,tz,cm,2.0,3,100.0
far,000021,tz,cm,5.0,3,99.621
far,000021,tz,cm,10.0,3,99.621
far,000023,roll,deg,-3.0,1,100.0
far,000023,roll,deg,-2.0,1,100.0
far,000023,roll,deg,-1.0,1,100.0
far,000023,roll,deg,-0.5,1,100.0
far,000023,roll,deg,0.0,1,100.0
far,000023,roll,deg,0.5,1,100.0
far,000023,roll,deg,1.0,1,100.0
far,000023,roll,deg,2.0,1,100.0
far,000023,roll,deg,3.0,1,100.0
far,000023,pitch,deg,-3.0,1,0.0
far,000023,pitch,deg,-2.0,1,17.568
far,000023,pitch,deg,-1.0,1,68.919
far,000023,pitch,deg,-0.5,1,86.486
far,000023,pitch,deg,0.0,1,100.0
far,000023,pitch,deg,0.5,1,93.243
far,000023,pitch,deg,1.0,1,66.216
far,000023,pitch,deg,2.0,1,13.514
far,000023,pitch,deg,3.0,1,0.0
far,000023,yaw,deg,-3.0,1,0.0
far,000023,yaw,deg,-2.0,1,17.568
far,000023,yaw,deg,-1.0,1,58.108
far,000023,yaw,deg,-0.5,1,82.432
far,000023,yaw,deg,0.0,1,100.0
far,000023,yaw,deg,0.5,1,82.432
far,000023,yaw,deg,1.0,1,58.108
far,000023,yaw,deg,2.0,1,13.514
far,000023,yaw,deg,3.0,1,0.0
far,000023,tx,cm,-10.0,1,100.0
far,000023,tx,cm,-5.0,1,100.0
far,000023,tx,cm,-2.0,1,100.0
far,000023,tx,cm,0.0,1,100.0
far,000023,tx,cm,2.0,1,100.0
far,000023,tx,cm,5.0,1,100.0
far,000023,tx,cm,10.0,1,100.0
far,000023,ty,cm,-10.0,1,100.0
far,000023,ty,cm,-5.0,1,100.0
far,000023,ty,cm,-2.0,1,100.0
far,000023,ty,cm,0.0,1,100.0
far,000023,ty,cm,2.0,1,100.0
far,000023,ty,cm,5.0,1,100.0
far,000023,ty,cm,10.0,1,97.297
far,000023,tz,cm,-10.0,1,100.0
far,000023,tz,cm,-5.0,1,100.0
far,000023,tz,cm,-2.0,1,100.0
far,000023,tz,cm,0.0,1,100.0
far,000023,tz,cm,2.0,1,100.0
far,000023,tz,cm,5.0,1,100.0
far,000023,tz,cm,10.0,1,100.0
far,000025,roll,deg,-3.0,2,86.218
far,000025,roll,deg,-2.0,2,87.037
far,000025,roll,deg,-1.0,2,94.444
far,000025,roll,deg,-0.5,2,100.0
far,000025,roll,deg,0.0,2,100.0
far,000025,roll,deg,0.5,2,100.0
far,000025,roll,deg,1.0,2,100.0
far,000025,roll,deg,2.0,2,100.0
far,000025,roll,deg,3.0,2,100.0
far,000025,pitch,deg,-3.0,2,9.441
far,000025,pitch,deg,-2.0,2,51.912
far,000025,pitch,deg,-1.0,2,77.99
far,000025,pitch,deg,-0.5,2,85.398
far,000025,pitch,deg,0.0,2,100.0
far,000025,pitch,deg,0.5,2,94.262
far,000025,pitch,deg,1.0,2,69.642
far,000025,pitch,deg,2.0,2,29.204
far,000025,pitch,deg,3.0,2,16.666
far,000025,yaw,deg,-3.0,2,68.033
far,000025,yaw,deg,-2.0,2,86.066
far,000025,yaw,deg,-1.0,2,97.541
far,000025,yaw,deg,-0.5,2,99.18
far,000025,yaw,deg,0.0,2,100.0
far,000025,yaw,deg,0.5,2,71.828
far,000025,yaw,deg,1.0,2,43.048
far,000025,yaw,deg,2.0,2,20.492
far,000025,yaw,deg,3.0,2,6.558
far,000025,tx,cm,-10.0,2,100.0
far,000025,tx,cm,-5.0,2,100.0
far,000025,tx,cm,-2.0,2,100.0
far,000025,tx,cm,0.0,2,100.0
far,000025,tx,cm,2.0,2,100.0
far,000025,tx,cm,5.0,2,100.0
far,000025,tx,cm,10.0,2,100.0
far,000025,ty,cm,-10.0,2,100.0
far,000025,ty,cm,-5.0,2,100.0
far,000025,ty,cm,-2.0,2,100.0
far,000025,ty,cm,0.0,2,100.0
far,000025,ty,cm,2.0,2,100.0
far,000025,ty,cm,5.0,2,100.0
far,000025,ty,cm,10.0,2,98.148
far,000025,tz,cm,-10.0,2,95.902
far,000025,tz,cm,-5.0,2,100.0
far,000025,tz,cm,-2.0,2,100.0
far,000025,tz,cm,0.0,2,100.0
far,000025,tz,cm,2.0,2,100.0
far,000025,tz,cm,5.0,2,100.0
far,000025,tz,cm,10.0,2,87.037
far,000031,roll,deg,-3.0,2,97.518
far,000031,roll,deg,-2.0,2,100.0
far,000031,roll,deg,-1.0,2,100.0
far,000031,roll,deg,-0.5,2,100.0
far,000031,roll,deg,0.0,2,100.0
far,000031,roll,deg,0.5,2,100.0
far,000031,roll,deg,1.0,2,100.0
far,000031,roll,deg,2.0,2,100.0
far,000031,roll,deg,3.0,2,99.646
far,000031,pitch,deg,-3.0,2,5.674
far,000031,pitch,deg,-2.0,2,25.322
far,000031,pitch,deg,-1.0,2,84.386
far,000031,pitch,deg,-0.5,2,95.955
far,000031,pitch,deg,0.0,2,100.0
far,000031,pitch,deg,0.5,2,79.909
far,000031,pitch,deg,1.0,2,57.69
far,000031,pitch,deg,2.0,2,15.747
far,000031,pitch,deg,3.0,2,2.482
far,000031,yaw,deg,-3.0,2,12.056
far,000031,yaw,deg,-2.0,2,26.596
far,000031,yaw,deg,-1.0,2,66.634
far,000031,yaw,deg,-0.5,2,86.58
far,000031,yaw,deg,0.0,2,100.0
far,000031,yaw,deg,0.5,2,90.204
far,000031,yaw,deg,1.0,2,68.694
far,000031,yaw,deg,2.0,2,28.801
far,000031,yaw,deg,3.0,2,10.284
far,000031,tx,cm,-10.0,2,100.0
far,000031,tx,cm,-5.0,2,100.0
far,000031,tx,cm,-2.0,2,100.0
far,000031,tx,cm,0.0,2,100.0
far,000031,tx,cm,2.0,2,100.0
far,000031,tx,cm,5.0,2,100.0
far,000031,tx,cm,10.0,2,100.0
far,000031,ty,cm,-10.0,2,98.083
far,000031,ty,cm,-5.0,2,100.0
far,000031,ty,cm,-2.0,2,100.0
far,000031,ty,cm,0.0,2,100.0
far,000031,ty,cm,2.0,2,100.0
far,000031,ty,cm,5.0,2,100.0
far,000031,ty,cm,10.0,2,99.646
far,000031,tz,cm,-10.0,2,98.438
far,000031,tz,cm,-5.0,2,100.0
far,000031,tz,cm,-2.0,2,100.0
far,000031,tz,cm,0.0,2,100.0
far,000031,tz,cm,2.0,2,100.0
far,000031,tz,cm,5.0,2,100.0
far,000031,tz,cm,10.0,2,100.0
far,000032,roll,deg,-3.0,2,83.334
far,000032,roll,deg,-2.0,2,91.026
far,000032,roll,deg,-1.0,2,100.0
far,000032,roll,deg,-0.5,2,100.0
far,000032,roll,deg,0.0,2,100.0
far,000032,roll,deg,0.5,2,100.0
far,000032,roll,deg,1.0,2,100.0
far,000032,roll,deg,2.0,2,100.0
far,000032,roll,deg,3.0,2,100.0
far,000032,pitch,deg,-3.0,2,0.0
far,000032,pitch,deg,-2.0,2,16.406
far,000032,pitch,deg,-1.0,2,86.999
far,000032,pitch,deg,-0.5,2,91.406
far,000032,pitch,deg,0.0,2,100.0
far,000032,pitch,deg,0.5,2,73.178
far,000032,pitch,deg,1.0,2,27.063
far,000032,pitch,deg,2.0,2,8.594
far,000032,pitch,deg,3.0,2,0.0
far,000032,yaw,deg,-3.0,2,0.0
far,000032,yaw,deg,-2.0,2,18.79
far,000032,yaw,deg,-1.0,2,65.304
far,000032,yaw,deg,-0.5,2,85.717
far,000032,yaw,deg,0.0,2,100.0
far,000032,yaw,deg,0.5,2,88.902
far,000032,yaw,deg,1.0,2,65.646
far,000032,yaw,deg,2.0,2,21.976
far,000032,yaw,deg,3.0,2,0.0
far,000032,tx,cm,-10.0,2,100.0
far,000032,tx,cm,-5.0,2,100.0
far,000032,tx,cm,-2.0,2,100.0
far,000032,tx,cm,0.0,2,100.0
far,000032,tx,cm,2.0,2,100.0
far,000032,tx,cm,5.0,2,100.0
far,000032,tx,cm,10.0,2,100.0
far,000032,ty,cm,-10.0,2,97.937
far,000032,ty,cm,-5.0,2,100.0
far,000032,ty,cm,-2.0,2,100.0
far,000032,ty,cm,0.0,2,100.0
far,000032,ty,cm,2.0,2,100.0
far,000032,ty,cm,5.0,2,100.0
far,000032,ty,cm,10.0,2,100.0
far,000032,tz,cm,-10.0,2,100.0
far,000032,tz,cm,-5.0,2,100.0
far,000032,tz,cm,-2.0,2,100.0
far,000032,tz,cm,0.0,2,100.0
far,000032,tz,cm,2.0,2,100.0
far,000032,tz,cm,5.0,2,100.0
far,000032,tz,cm,10.0,2,100.0
far,000049,roll,deg,-3.0,1,100.0
far,000049,roll,deg,-2.0,1,100.0
far,000049,roll,deg,-1.0,1,100.0
far,000049,roll,deg,-0.5,1,100.0
far,000049,roll,deg,0.0,1,100.0
far,000049,roll,deg,0.5,1,100.0
far,000049,roll,deg,1.0,1,100.0
far,000049,roll,deg,2.0,1,100.0
far,000049,roll,deg,3.0,1,100.0
far,000049,pitch,deg,-3.0,1,24.272
far,000049,pitch,deg,-2.0,1,64.078
far,000049,pitch,deg,-1.0,1,86.893
far,000049,pitch,deg,-0.5,1,90.777
far,000049,pitch,deg,0.0,1,100.0
far,000049,pitch,deg,0.5,1,90.291
far,000049,pitch,deg,1.0,1,71.359
far,000049,pitch,deg,2.0,1,32.039
far,000049,pitch,deg,3.0,1,11.65
far,000049,yaw,deg,-3.0,1,39.32
far,000049,yaw,deg,-2.0,1,61.165
far,000049,yaw,deg,-1.0,1,81.068
far,000049,yaw,deg,-0.5,1,92.233
far,000049,yaw,deg,0.0,1,100.0
far,000049,yaw,deg,0.5,1,92.233
far,000049,yaw,deg,1.0,1,80.097
far,000049,yaw,deg,2.0,1,56.311
far,000049,yaw,deg,3.0,1,35.922
far,000049,tx,cm,-10.0,1,100.0
far,000049,tx,cm,-5.0,1,100.0
far,000049,tx,cm,-2.0,1,100.0
far,000049,tx,cm,0.0,1,100.0
far,000049,tx,cm,2.0,1,100.0
far,000049,tx,cm,5.0,1,100.0
far,000049,tx,cm,10.0,1,100.0
far,000049,ty,cm,-10.0,1,96.602
far,000049,ty,cm,-5.0,1,100.0
far,000049,ty,cm,-2.0,1,100.0
far,000049,ty,cm,0.0,1,100.0
far,000049,ty,cm,2.0,1,100.0
far,000049,ty,cm,5.0,1,100.0
far,000049,ty,cm,10.0,1,97.087
far,000049,tz,cm,-10.0,1,97.087
far,000049,tz,cm,-5.0,1,100.0
far,000049,tz,cm,-2.0,1,100.0
far,000049,tz,cm,0.0,1,100.0
far,000049,tz,cm,2.0,1,100.0
far,000049,tz,cm,5.0,1,100.0
far,000049,tz,cm,10.0,1,96.117
