variant,threshold,axis,unit,level,n_frames,score_mean,score_min,detected_frames,detect_rate_pct
all,99.0,roll,deg,-3.0,17,88.011,16.858,15,88.235
all,99.0,roll,deg,-2.0,17,93.011,54.87,13,76.471
all,99.0,roll,deg,-1.0,17,97.554,89.904,9,52.941
all,99.0,roll,deg,-0.5,17,98.646,90.865,3,17.647
all,99.0,roll,deg,0.0,17,99.583,92.93,1,5.882
all,99.0,roll,deg,0.5,17,99.583,93.491,1,5.882
all,99.0,roll,deg,1.0,17,98.062,91.034,6,35.294
all,99.0,roll,deg,2.0,17,94.019,71.795,12,70.588
all,99.0,roll,deg,3.0,17,89.09,59.416,13,76.471
all,99.0,pitch,deg,-3.0,17,32.373,0.0,17,100.0
all,99.0,pitch,deg,-2.0,17,52.769,0.0,17,100.0
all,99.0,pitch,deg,-1.0,17,82.876,53.846,17,100.0
all,99.0,pitch,deg,-0.5,17,92.266,71.795,16,94.118
all,99.0,pitch,deg,0.0,17,99.583,92.93,1,5.882
all,99.0,pitch,deg,0.5,17,91.493,79.808,15,88.235
all,99.0,pitch,deg,1.0,17,71.12,17.508,17,100.0
all,99.0,pitch,deg,2.0,17,42.622,0.0,17,100.0
all,99.0,pitch,deg,3.0,17,27.122,0.0,17,100.0
all,99.0,yaw,deg,-3.0,17,35.961,0.0,17,100.0
all,99.0,yaw,deg,-2.0,17,55.902,12.821,17,100.0
all,99.0,yaw,deg,-1.0,17,82.194,58.108,17,100.0
all,99.0,yaw,deg,-0.5,17,93.85,82.432,15,88.235
all,99.0,yaw,deg,0.0,17,99.583,92.93,1,5.882
all,99.0,yaw,deg,0.5,17,92.327,75.714,15,88.235
all,99.0,yaw,deg,1.0,17,80.31,54.286,16,94.118
all,99.0,yaw,deg,2.0,17,55.47,10.0,17,100.0
all,99.0,yaw,deg,3.0,17,36.602,0.0,17,100.0
all,99.0,tx,cm,-10.0,17,99.426,90.663,1,5.882
all,99.0,tx,cm,-5.0,17,99.522,91.955,1,5.882
all,99.0,tx,cm,-2.0,17,99.563,92.614,1,5.882
all,99.0,tx,cm,0.0,17,99.583,92.93,1,5.882
all,99.0,tx,cm,2.0,17,99.6,93.198,1,5.882
all,99.0,tx,cm,5.0,17,99.629,93.686,1,5.882
all,99.0,tx,cm,10.0,17,99.669,94.368,1,5.882
all,99.0,ty,cm,-10.0,17,99.087,93.954,5,29.412
all,99.0,ty,cm,-5.0,17,99.473,93.466,2,11.765
all,99.0,ty,cm,-2.0,17,99.596,93.15,1,5.882
all,99.0,ty,cm,0.0,17,99.583,92.93,1,5.882
all,99.0,ty,cm,2.0,17,99.567,92.662,1,5.882
all,99.0,ty,cm,5.0,17,99.445,92.077,2,11.765
all,99.0,ty,cm,10.0,17,98.81,91.078,5,29.412
all,99.0,tz,cm,-10.0,17,96.866,89.005,10,58.824
all,99.0,tz,cm,-5.0,17,98.705,89.904,3,17.647
all,99.0,tz,cm,-2.0,17,99.211,92.442,2,11.765
all,99.0,tz,cm,0.0,17,99.583,92.93,1,5.882
all,99.0,tz,cm,2.0,17,99.607,93.321,1,5.882
all,99.0,tz,cm,5.0,17,99.48,93.856,1,5.882
all,99.0,tz,cm,10.0,17,98.248,93.518,8,47.059
far,99.0,roll,deg,-3.0,16,90.388,16.858,11,68.75
far,99.0,roll,deg,-2.0,16,94.416,54.87,7,43.75
far,99.0,roll,deg,-1.0,16,98.118,89.904,5,31.25
far,99.0,roll,deg,-0.5,16,99.121,90.865,2,12.5
far,99.0,roll,deg,0.0,16,100.0,100.0,0,0.0
far,99.0,roll,deg,0.5,16,99.983,99.723,0,0.0
far,99.0,roll,deg,1.0,16,98.134,86.616,3,18.75
far,99.0,roll,deg,2.0,16,93.715,71.795,7,43.75
far,99.0,roll,deg,3.0,16,89.299,59.416,8,50.0
far,99.0,pitch,deg,-3.0,16,13.347,0.0,16,100.0
far,99.0,pitch,deg,-2.0,16,41.045,0.0,16,100.0
far,99.0,pitch,deg,-1.0,16,81.879,53.846,16,100.0
far,99.0,pitch,deg,-0.5,16,91.132,71.795,15,93.75
far,99.0,pitch,deg,0.0,16,100.0,100.0,0,0.0
far,99.0,pitch,deg,0.5,16,86.45,69.532,15,93.75
far,99.0,pitch,deg,1.0,16,58.523,17.508,16,100.0
far,99.0,pitch,deg,2.0,16,20.858,0.0,16,100.0
far,99.0,pitch,deg,3.0,16,6.725,0.0,16,100.0
far,99.0,yaw,deg,-3.0,16,20.976,0.0,16,100.0
far,99.0,yaw,deg,-2.0,16,45.455,12.821,16,100.0
far,99.0,yaw,deg,-1.0,16,77.939,58.108,16,100.0
far,99.0,yaw,deg,-0.5,16,91.804,82.432,14,87.5
far,99.0,yaw,deg,0.0,16,100.0,100.0,0,0.0
far,99.0,yaw,deg,0.5,16,89.272,71.828,15,93.75
far,99.0,yaw,deg,1.0,16,71.77,43.048,16,100.0
far,99.0,yaw,deg,2.0,16,38.076,10.0,16,100.0
far,99.0,yaw,deg,3.0,16,15.878,0.0,16,100.0
far,99.0,tx,cm,-10.0,16,100.0,100.0,0,0.0
far,99.0,tx,cm,-5.0,16,100.0,100.0,0,0.0
far,99.0,tx,cm,-2.0,16,100.0,100.0,0,0.0
far,99.0,tx,cm,0.0,16,100.0,100.0,0,0.0
far,99.0,tx,cm,2.0,16,100.0,100.0,0,0.0
far,99.0,tx,cm,5.0,16,100.0,100.0,0,0.0
far,99.0,tx,cm,10.0,16,100.0,100.0,0,0.0
far,99.0,ty,cm,-10.0,16,99.076,96.602,8,50.0
far,99.0,ty,cm,-5.0,16,99.849,98.571,1,6.25
far,99.0,ty,cm,-2.0,16,100.0,100.0,0,0.0
far,99.0,ty,cm,0.0,16,100.0,100.0,0,0.0
far,99.0,ty,cm,2.0,16,100.0,100.0,0,0.0
far,99.0,ty,cm,5.0,16,99.911,98.571,1,6.25
far,99.0,ty,cm,10.0,16,99.112,97.087,5,31.25
far,99.0,tz,cm,-10.0,16,96.822,85.261,8,50.0
far,99.0,tz,cm,-5.0,16,99.267,89.904,2,12.5
far,99.0,tz,cm,-2.0,16,99.675,96.154,2,12.5
far,99.0,tz,cm,0.0,16,100.0,100.0,0,0.0
far,99.0,tz,cm,2.0,16,100.0,100.0,0,0.0
far,99.0,tz,cm,5.0,16,99.976,99.621,0,0.0
far,99.0,tz,cm,10.0,16,98.806,87.037,3,18.75
all,95.0,roll,deg,-3.0,17,88.011,16.858,8,47.059
all,95.0,roll,deg,-2.0,17,93.011,54.87,6,35.294
all,95.0,roll,deg,-1.0,17,97.554,89.904,3,17.647
all,95.0,roll,deg,-0.5,17,98.646,90.865,2,11.765
all,95.0,roll,deg,0.0,17,99.583,92.93,1,5.882
all,95.0,roll,deg,0.5,17,99.583,93.491,1,5.882
all,95.0,roll,deg,1.0,17,98.062,91.034,3,17.647
all,95.0,roll,deg,2.0,17,94.019,71.795,7,41.176
all,95.0,roll,deg,3.0,17,89.09,59.416,9,52.941
all,95.0,pitch,deg,-3.0,17,32.373,0.0,17,100.0
all,95.0,pitch,deg,-2.0,17,52.769,0.0,17,100.0
all,95.0,pitch,deg,-1.0,17,82.876,53.846,17,100.0
all,95.0,pitch,deg,-0.5,17,92.266,71.795,12,70.588
all,95.0,pitch,deg,0.0,17,99.583,92.93,1,5.882
all,95.0,pitch,deg,0.5,17,91.493,79.808,12,70.588
all,95.0,pitch,deg,1.0,17,71.12,17.508,17,100.0
all,95.0,pitch,deg,2.0,17,42.622,0.0,17,100.0
all,95.0,pitch,deg,3.0,17,27.122,0.0,17,100.0
all,95.0,yaw,deg,-3.0,17,35.961,0.0,17,100.0
all,95.0,yaw,deg,-2.0,17,55.902,12.821,17,100.0
all,95.0,yaw,deg,-1.0,17,82.194,58.108,15,88.235
all,95.0,yaw,deg,-0.5,17,93.85,82.432,11,64.706
all,95.0,yaw,deg,0.0,17,99.583,92.93,1,5.882
all,95.0,yaw,deg,0.5,17,92.327,75.714,8,47.059
all,95.0,yaw,deg,1.0,17,80.31,54.286,15,88.235
all,95.0,yaw,deg,2.0,17,55.47,10.0,17,100.0
all,95.0,yaw,deg,3.0,17,36.602,0.0,17,100.0
all,95.0,tx,cm,-10.0,17,99.426,90.663,1,5.882
all,95.0,tx,cm,-5.0,17,99.522,91.955,1,5.882
all,95.0,tx,cm,-2.0,17,99.563,92.614,1,5.882
all,95.0,tx,cm,0.0,17,99.583,92.93,1,5.882
all,95.0,tx,cm,2.0,17,99.6,93.198,1,5.882
all,95.0,tx,cm,5.0,17,99.629,93.686,1,5.882
all,95.0,tx,cm,10.0,17,99.669,94.368,1,5.882
all,95.0,ty,cm,-10.0,17,99.087,93.954,1,5.882
all,95.0,ty,cm,-5.0,17,99.473,93.466,1,5.882
all,95.0,ty,cm,-2.0,17,99.596,93.15,1,5.882
all,95.0,ty,cm,0.0,17,99.583,92.93,1,5.882
all,95.0,ty,cm,2.0,17,99.567,92.662,1,5.882
all,95.0,ty,cm,5.0,17,99.445,92.077,1,5.882
all,95.0,ty,cm,10.0,17,98.81,91.078,1,5.882
all,95.0,tz,cm,-10.0,17,96.866,89.005,4,23.529
all,95.0,tz,cm,-5.0,17,98.705,89.904,2,11.765
all,95.0,tz,cm,-2.0,17,99.211,92.442,1,5.882
all,95.0,tz,cm,0.0,17,99.583,92.93,1,5.882
all,95.0,tz,cm,2.0,17,99.607,93.321,1,5.882
all,95.0,tz,cm,5.0,17,99.48,93.856,1,5.882
all,95.0,tz,cm,10.0,17,98.248,93.518,3,17.647
far,95.0,roll,deg,-3.0,16,90.388,16.858,5,31.25
far,95.0,roll,deg,-2.0,16,94.416,54.87,5,31.25
far,95.0,roll,deg,-1.0,16,98.118,89.904,4,25.0
far,95.0,roll,deg,-0.5,16,99.121,90.865,1,6.25
far,95.0,roll,deg,0.0,16,100.0,100.0,0,0.0
far,95.0,roll,deg,0.5,16,99.983,99.723,0,0.0
far,95.0,roll,deg,1.0,16,98.134,86.616,3,18.75
far,95.0,roll,deg,2.0,16,93.715,71.795,6,37.5
far,95.0,roll,deg,3.0,16,89.299,59.416,7,43.75
far,95.0,pitch,deg,-3.0,16,13.347,0.0,16,100.0
far,95.0,pitch,deg,-2.0,16,41.045,0.0,16,100.0
far,95.0,pitch,deg,-1.0,16,81.879,53.846,15,93.75
far,95.0,pitch,deg,-0.5,16,91.132,71.795,11,68.75
far,95.0,pitch,deg,0.0,16,100.0,100.0,0,0.0
far,95.0,pitch,deg,0.5,16,86.45,69.532,15,93.75
far,95.0,pitch,deg,1.0,16,58.523,17.508,16,100.0
far,95.0,pitch,deg,2.0,16,20.858,0.0,16,100.0
far,95.0,pitch,deg,3.0,16,6.725,0.0,16,100.0
far,95.0,yaw,deg,-3.0,16,20.976,0.0,16,100.0
far,95.0,yaw,deg,-2.0,16,45.455,12.821,16,100.0
far,95.0,yaw,deg,-1.0,16,77.939,58.108,14,87.5
far,95.0,yaw,deg,-0.5,16,91.804,82.432,11,68.75
far,95.0,yaw,deg,0.0,16,100.0,100.0,0,0.0
far,95.0,yaw,deg,0.5,16,89.272,71.828,14,87.5
far,95.0,yaw,deg,1.0,16,71.77,43.048,15,93.75
far,95.0,yaw,deg,2.0,16,38.076,10.0,16,100.0
far,95.0,yaw,deg,3.0,16,15.878,0.0,16,100.0
far,95.0,tx,cm,-10.0,16,100.0,100.0,0,0.0
far,95.0,tx,cm,-5.0,16,100.0,100.0,0,0.0
far,95.0,tx,cm,-2.0,16,100.0,100.0,0,0.0
far,95.0,tx,cm,0.0,16,100.0,100.0,0,0.0
far,95.0,tx,cm,2.0,16,100.0,100.0,0,0.0
far,95.0,tx,cm,5.0,16,100.0,100.0,0,0.0
far,95.0,tx,cm,10.0,16,100.0,100.0,0,0.0
far,95.0,ty,cm,-10.0,16,99.076,96.602,0,0.0
far,95.0,ty,cm,-5.0,16,99.849,98.571,0,0.0
far,95.0,ty,cm,-2.0,16,100.0,100.0,0,0.0
far,95.0,ty,cm,0.0,16,100.0,100.0,0,0.0
far,95.0,ty,cm,2.0,16,100.0,100.0,0,0.0
far,95.0,ty,cm,5.0,16,99.911,98.571,0,0.0
far,95.0,ty,cm,10.0,16,99.112,97.087,0,0.0
far,95.0,tz,cm,-10.0,16,96.822,85.261,4,25.0
far,95.0,tz,cm,-5.0,16,99.267,89.904,1,6.25
far,95.0,tz,cm,-2.0,16,99.675,96.154,0,0.0
far,95.0,tz,cm,0.0,16,100.0,100.0,0,0.0
far,95.0,tz,cm,2.0,16,100.0,100.0,0,0.0
far,95.0,tz,cm,5.0,16,99.976,99.621,0,0.0
far,95.0,tz,cm,10.0,16,98.806,87.037,1,6.25
all,90.0,roll,deg,-3.0,17,88.011,16.858,5,29.412
all,90.0,roll,deg,-2.0,17,93.011,54.87,4,23.529
all,90.0,roll,deg,-1.0,17,97.554,89.904,1,5.882
all,90.0,roll,deg,-0.5,17,98.646,90.865,0,0.0
all,90.0,roll,deg,0.0,17,99.583,92.93,0,0.0
all,90.0,roll,deg,0.5,17,99.583,93.491,0,0.0
all,90.0,roll,deg,1.0,17,98.062,91.034,0,0.0
all,90.0,roll,deg,2.0,17,94.019,71.795,3,17.647
all,90.0,roll,deg,3.0,17,89.09,59.416,7,41.176
all,90.0,pitch,deg,-3.0,17,32.373,0.0,17,100.0
all,90.0,pitch,deg,-2.0,17,52.769,0.0,17,100.0
all,90.0,pitch,deg,-1.0,17,82.876,53.846,14,82.353
all,90.0,pitch,deg,-0.5,17,92.266,71.795,3,17.647
all,90.0,pitch,deg,0.0,17,99.583,92.93,0,0.0
all,90.0,pitch,deg,0.5,17,91.493,79.808,5,29.412
all,90.0,pitch,deg,1.0,17,71.12,17.508,15,88.235
all,90.0,pitch,deg,2.0,17,42.622,0.0,17,100.0
all,90.0,pitch,deg,3.0,17,27.122,0.0,17,100.0
all,90.0,yaw,deg,-3.0,17,35.961,0.0,17,100.0
all,90.0,yaw,deg,-2.0,17,55.902,12.821,17,100.0
all,90.0,yaw,deg,-1.0,17,82.194,58.108,12,70.588
all,90.0,yaw,deg,-0.5,17,93.85,82.432,2,11.765
all,90.0,yaw,deg,0.0,17,99.583,92.93,0,0.0
all,90.0,yaw,deg,0.5,17,92.327,75.714,5,29.412
all,90.0,yaw,deg,1.0,17,80.31,54.286,13,76.471
all,90.0,yaw,deg,2.0,17,55.47,10.0,17,100.0
all,90.0,yaw,deg,3.0,17,36.602,0.0,17,100.0
all,90.0,tx,cm,-10.0,17,99.426,90.663,0,0.0
all,90.0,tx,cm,-5.0,17,99.522,91.955,0,0.0
all,90.0,tx,cm,-2.0,17,99.563,92.614,0,0.0
all,90.0,tx,cm,0.0,17,99.583,92.93,0,0.0
all,90.0,tx,cm,2.0,17,99.6,93.198,0,0.0
all,90.0,tx,cm,5.0,17,99.629,93.686,0,0.0
all,90.0,tx,cm,10.0,17,99.669,94.368,0,0.0
all,90.0,ty,cm,-10.0,17,99.087,93.954,0,0.0
all,90.0,ty,cm,-5.0,17,99.473,93.466,0,0.0
all,90.0,ty,cm,-2.0,17,99.596,93.15,0,0.0
all,90.0,ty,cm,0.0,17,99.583,92.93,0,0.0
all,90.0,ty,cm,2.0,17,99.567,92.662,0,0.0
all,90.0,ty,cm,5.0,17,99.445,92.077,0,0.0
all,90.0,ty,cm,10.0,17,98.81,91.078,0,0.0
all,90.0,tz,cm,-10.0,17,96.866,89.005,2,11.765
all,90.0,tz,cm,-5.0,17,98.705,89.904,1,5.882
all,90.0,tz,cm,-2.0,17,99.211,92.442,0,0.0
all,90.0,tz,cm,0.0,17,99.583,92.93,0,0.0
all,90.0,tz,cm,2.0,17,99.607,93.321,0,0.0
all,90.0,tz,cm,5.0,17,99.48,93.856,0,0.0
all,90.0,tz,cm,10.0,17,98.248,93.518,0,0.0
far,90.0,roll,deg,-3.0,16,90.388,16.858,4,25.0
far,90.0,roll,deg,-2.0,16,94.416,54.87,3,18.75
far,90.0,roll,deg,-1.0,16,98.118,89.904,1,6.25
far,90.0,roll,deg,-0.5,16,99.121,90.865,0,0.0
far,90.0,roll,deg,0.0,16,100.0,100.0,0,0.0
far,90.0,roll,deg,0.5,16,99.983,99.723,0,0.0
far,90.0,roll,deg,1.0,16,98.134,86.616,2,12.5
far,90.0,roll,deg,2.0,16,93.715,71.795,3,18.75
far,90.0,roll,deg,3.0,16,89.299,59.416,6,37.5
far,90.0,pitch,deg,-3.0,16,13.347,0.0,16,100.0
far,90.0,pitch,deg,-2.0,16,41.045,0.0,16,100.0
far,90.0,pitch,deg,-1.0,16,81.879,53.846,12,75.0
far,90.0,pitch,deg,-0.5,16,91.132,71.795,5,31.25
far,90.0,pitch,deg,0.0,16,100.0,100.0,0,0.0
far,90.0,pitch,deg,0.5,16,86.45,69.532,8,50.0
far,90.0,pitch,deg,1.0,16,58.523,17.508,16,100.0
far,90.0,pitch,deg,2.0,16,20.858,0.0,16,100.0
far,90.0,pitch,deg,3.0,16,6.725,0.0,16,100.0
far,90.0,yaw,deg,-3.0,16,20.976,0.0,16,100.0
far,90.0,yaw,deg,-2.0,16,45.455,12.821,16,100.0
far,90.0,yaw,deg,-1.0,16,77.939,58.108,13,81.25
far,90.0,yaw,deg,-0.5,16,91.804,82.432,5,31.25
far,90.0,yaw,deg,0.0,16,100.0,100.0,0,0.0
far,90.0,yaw,deg,0.5,16,89.272,71.828,5,31.25
far,90.0,yaw,deg,1.0,16,71.77,43.048,15,93.75
far,90.0,yaw,deg,2.0,16,38.076,10.0,16,100.0
far,90.0,yaw,deg,3.0,16,15.878,0.0,16,100.0
far,90.0,tx,cm,-10.0,16,100.0,100.0,0,0.0
far,90.0,tx,cm,-5.0,16,100.0,100.0,0,0.0
far,90.0,tx,cm,-2.0,16,100.0,100.0,0,0.0
far,90.0,tx,cm,0.0,16,100.0,100.0,0,0.0
far,90.0,tx,cm,2.0,16,100.0,100.0,0,0.0
far,90.0,tx,cm,5.0,16,100.0,100.0,0,0.0
far,90.0,tx,cm,10.0,16,100.0,100.0,0,0.0
far,90.0,ty,cm,-10.0,16,99.076,96.602,0,0.0
far,90.0,ty,cm,-5.0,16,99.849,98.571,0,0.0
far,90.0,ty,cm,-2.0,16,100.0,100.0,0,0.0
far,90.0,ty,cm,0.0,16,100.0,100.0,0,0.0
far,90.0,ty,cm,2.0,16,100.0,100.0,0,0.0
far,90.0,ty,cm,5.0,16,99.911,98.571,0,0.0
far,90.0,ty,cm,10.0,16,99.112,97.087,0,0.0
far,90.0,tz,cm,-10.0,16,96.822,85.261,3,18.75
far,90.0,tz,cm,-5.0,16,99.267,89.904,1,6.25
far,90.0,tz,cm,-2.0,16,99.675,96.154,0,0.0
far,90.0,tz,cm,0.0,16,100.0,100.0,0,0.0
far,90.0,tz,cm,2.0,16,100.0,100.0,0,0.0
far,90.0,tz,cm,5.0,16,99.976,99.621,0,0.0
far,90.0,tz,cm,10.0,16,98.806,87.037,1,6.25
