axis,unit,level,data_root,classes,min_points,max_occluded,max_truncated,n_frames,n_objects,inside_fov_pct,px_shift_mean,in_box_pct_all,n_objects_<10m,in_box_pct_<10m,n_objects_10-20m,in_box_pct_10-20m,n_objects_20-30m,in_box_pct_20-30m,n_objects_>=30m,in_box_pct_>=30m
roll,deg,-3.0,data/kitti_mini,Car+Van+Truck,20,1,0.5,20,47,15.768,9.019,89.748,7,90.615,16,91.93,11,92.736,13,84.066
roll,deg,-2.0,data/kitti_mini,Car+Van+Truck,20,1,0.5,20,47,15.775,6.013,93.966,7,93.077,16,95.823,11,94.838,13,91.421
roll,deg,-1.0,data/kitti_mini,Car+Van+Truck,20,1,0.5,20,47,15.746,3.006,97.767,7,96.195,16,98.461,11,96.591,13,98.756
roll,deg,-0.5,data/kitti_mini,Car+Van+Truck,20,1,0.5,20,47,15.748,1.503,99.122,7,97.482,16,99.734,11,99.066,13,99.301
roll,deg,0.0,data/kitti_mini,Car+Van+Truck,20,1,0.5,20,47,15.754,0.0,99.696,7,97.959,16,100.0,11,100.0,13,100.0
roll,deg,0.5,data/kitti_mini,Car+Van+Truck,20,1,0.5,20,47,15.758,1.503,99.675,7,97.938,16,100.0,11,99.925,13,100.0
roll,deg,1.0,data/kitti_mini,Car+Van+Truck,20,1,0.5,20,47,15.757,3.006,97.727,7,97.585,16,98.562,11,97.217,13,97.206
roll,deg,2.0,data/kitti_mini,Car+Van+Truck,20,1,0.5,20,47,15.75,6.013,94.564,7,96.43,16,95.82,11,93.719,13,92.727
roll,deg,3.0,data/kitti_mini,Car+Van+Truck,20,1,0.5,20,47,15.786,9.018,90.253,7,94.404,16,91.588,11,91.571,13,85.258
pitch,deg,-3.0,data/kitti_mini,Car+Van+Truck,20,1,0.5,20,47,17.98,38.574,38.684,7,81.583,16,56.392,11,29.529,13,1.536
pitch,deg,-2.0,data/kitti_mini,Car+Van+Truck,20,1,0.5,20,47,17.247,25.732,59.434,7,86.25,16,73.802,11,64.019,13,23.432
pitch,deg,-1.0,data/kitti_mini,Car+Van+Truck,20,1,0.5,20,47,16.515,12.877,86.119,7,91.743,16,88.363,11,85.622,13,80.75
pitch,deg,-0.5,data/kitti_mini,Car+Van+Truck,20,1,0.5,20,47,16.18,6.442,93.735,7,95.304,16,96.532,11,90.272,13,92.377
pitch,deg,0.0,data/kitti_mini,Car+Van+Truck,20,1,0.5,20,47,15.754,0.0,99.696,7,97.959,16,100.0,11,100.0,13,100.0
pitch,deg,0.5,data/kitti_mini,Car+Van+Truck,20,1,0.5,20,47,15.38,6.449,91.357,7,96.936,16,98.02,11,87.354,13,83.54
pitch,deg,1.0,data/kitti_mini,Car+Van+Truck,20,1,0.5,20,47,15.02,12.907,74.505,7,94.85,16,93.111,11,69.946,13,44.507
pitch,deg,2.0,data/kitti_mini,Car+Van+Truck,20,1,0.5,20,47,14.272,25.853,49.92,7,88.728,16,76.474,11,35.979,13,8.139
pitch,deg,3.0,data/kitti_mini,Car+Van+Truck,20,1,0.5,20,47,13.504,38.845,35.552,7,80.059,16,57.442,11,17.406,13,0.0
yaw,deg,-3.0,data/kitti_mini,Car+Van+Truck,20,1,0.5,20,47,15.731,41.588,48.688,7,87.86,16,68.744,11,42.44,13,8.197
yaw,deg,-2.0,data/kitti_mini,Car+Van+Truck,20,1,0.5,20,47,15.74,27.713,66.528,7,93.239,16,82.395,11,66.353,13,32.766
yaw,deg,-1.0,data/kitti_mini,Car+Van+Truck,20,1,0.5,20,47,15.745,13.854,87.356,7,97.645,16,94.538,11,86.483,13,73.715
yaw,deg,-0.5,data/kitti_mini,Car+Van+Truck,20,1,0.5,20,47,15.748,6.927,95.492,7,98.202,16,99.245,11,95.367,13,89.519
yaw,deg,0.0,data/kitti_mini,Car+Van+Truck,20,1,0.5,20,47,15.754,0.0,99.696,7,97.959,16,100.0,11,100.0,13,100.0
yaw,deg,0.5,data/kitti_mini,Car+Van+Truck,20,1,0.5,20,47,15.761,6.929,94.316,7,97.447,16,99.562,11,90.596,13,89.321
yaw,deg,1.0,data/kitti_mini,Car+Van+Truck,20,1,0.5,20,47,15.764,13.861,84.495,7,95.992,16,96.832,11,77.357,13,69.161
yaw,deg,2.0,data/kitti_mini,Car+Van+Truck,20,1,0.5,20,47,15.766,27.74,63.984,7,91.746,16,87.541,11,54.619,13,27.967
yaw,deg,3.0,data/kitti_mini,Car+Van+Truck,20,1,0.5,20,47,15.774,41.648,47.82,7,87.607,16,74.473,11,33.861,13,5.406
tx,cm,-10.0,data/kitti_mini,Car+Van+Truck,20,1,0.5,20,47,15.494,1.373,99.572,7,97.178,16,99.978,11,100.0,13,100.0
tx,cm,-5.0,data/kitti_mini,Car+Van+Truck,20,1,0.5,20,47,15.626,0.683,99.648,7,97.638,16,100.0,11,100.0,13,100.0
tx,cm,-2.0,data/kitti_mini,Car+Van+Truck,20,1,0.5,20,47,15.705,0.272,99.679,7,97.847,16,100.0,11,100.0,13,100.0
tx,cm,0.0,data/kitti_mini,Car+Van+Truck,20,1,0.5,20,47,15.754,0.0,99.696,7,97.959,16,100.0,11,100.0,13,100.0
tx,cm,2.0,data/kitti_mini,Car+Van+Truck,20,1,0.5,20,47,15.808,0.271,99.711,7,98.057,16,100.0,11,100.0,13,100.0
tx,cm,5.0,data/kitti_mini,Car+Van+Truck,20,1,0.5,20,47,15.922,0.676,99.731,7,98.196,16,100.0,11,100.0,13,100.0
tx,cm,10.0,data/kitti_mini,Car+Van+Truck,20,1,0.5,20,47,16.082,1.344,99.76,7,98.391,16,100.0,11,100.0,13,100.0
ty,cm,-10.0,data/kitti_mini,Car+Van+Truck,20,1,0.5,20,47,15.75,4.509,99.249,7,98.212,16,99.901,11,98.863,13,99.332
ty,cm,-5.0,data/kitti_mini,Car+Van+Truck,20,1,0.5,20,47,15.751,2.255,99.669,7,98.123,16,100.0,11,99.911,13,99.89
ty,cm,-2.0,data/kitti_mini,Car+Van+Truck,20,1,0.5,20,47,15.753,0.902,99.707,7,98.032,16,100.0,11,100.0,13,100.0
ty,cm,0.0,data/kitti_mini,Car+Van+Truck,20,1,0.5,20,47,15.754,0.0,99.696,7,97.959,16,100.0,11,100.0,13,100.0
ty,cm,2.0,data/kitti_mini,Car+Van+Truck,20,1,0.5,20,47,15.756,0.902,99.685,7,97.882,16,100.0,11,100.0,13,100.0
ty,cm,5.0,data/kitti_mini,Car+Van+Truck,20,1,0.5,20,47,15.758,2.255,99.623,7,97.715,16,99.982,11,100.0,13,99.89
ty,cm,10.0,data/kitti_mini,Car+Van+Truck,20,1,0.5,20,47,15.76,4.509,99.211,7,97.355,16,99.867,11,99.013,13,99.572
tz,cm,-10.0,data/kitti_mini,Car+Van+Truck,20,1,0.5,20,47,15.14,4.513,96.98,7,95.934,16,99.004,11,94.669,13,97.006
tz,cm,-5.0,data/kitti_mini,Car+Van+Truck,20,1,0.5,20,47,15.428,2.257,99.077,7,97.136,16,99.478,11,98.637,13,100.0
tz,cm,-2.0,data/kitti_mini,Car+Van+Truck,20,1,0.5,20,47,15.648,0.903,99.396,7,97.708,16,99.724,11,99.281,13,100.0
tz,cm,0.0,data/kitti_mini,Car+Van+Truck,20,1,0.5,20,47,15.754,0.0,99.696,7,97.959,16,100.0,11,100.0,13,100.0
tz,cm,2.0,data/kitti_mini,Car+Van+Truck,20,1,0.5,20,47,15.914,0.903,99.716,7,98.092,16,100.0,11,100.0,13,100.0
tz,cm,5.0,data/kitti_mini,Car+Van+Truck,20,1,0.5,20,47,16.124,2.256,99.509,7,97.006,16,99.939,11,99.897,13,100.0
tz,cm,10.0,data/kitti_mini,Car+Van+Truck,20,1,0.5,20,47,16.478,4.513,97.443,7,94.211,16,97.074,11,97.187,13,99.855
