frame,obj_idx,class,distance_m,bbox_width_px,n_points,yaw_deg,px_shift_mean,out_of_box_pct
000001,0,Truck,69.44,30.3,70,-3.0,37.989,100.0
000001,0,Truck,69.44,30.3,70,-2.0,25.311,82.857
000001,0,Truck,69.44,30.3,70,-1.0,12.65,35.714
000001,0,Truck,69.44,30.3,70,-0.5,6.324,15.714
000001,0,Truck,69.44,30.3,70,0.0,0.0,0.0
000001,0,Truck,69.44,30.3,70,0.5,6.324,24.286
000001,0,Truck,69.44,30.3,70,1.0,12.648,45.714
000001,0,Truck,69.44,30.3,70,2.0,25.302,90.0
000001,0,Truck,69.44,30.3,70,3.0,37.969,100.0
000004,0,Car,38.26,64.5,77,-3.0,43.546,76.623
000004,1,Car,51.17,41.0,26,-3.0,41.031,100.0
000004,0,Car,38.26,64.5,77,-2.0,29.222,50.649
000004,1,Car,51.17,41.0,26,-2.0,27.488,65.385
000004,0,Car,38.26,64.5,77,-1.0,14.711,18.182
000004,1,Car,51.17,41.0,26,-1.0,13.814,34.615
000004,0,Car,38.26,64.5,77,-0.5,7.381,6.494
000004,1,Car,51.17,41.0,26,-0.5,6.925,11.538
000004,0,Car,38.26,64.5,77,0.0,0.0,0.0
000004,1,Car,51.17,41.0,26,0.0,0.0,0.0
000004,0,Car,38.26,64.5,77,0.5,7.435,2.597
000004,1,Car,51.17,41.0,26,0.5,6.963,15.385
000004,0,Car,38.26,64.5,77,1.0,14.924,15.584
000004,1,Car,51.17,41.0,26,1.0,13.966,34.615
000004,0,Car,38.26,64.5,77,2.0,30.075,38.961
000004,1,Car,51.17,41.0,26,2.0,28.094,65.385
000004,0,Car,38.26,64.5,77,3.0,45.469,72.727
000004,1,Car,51.17,41.0,26,3.0,42.397,100.0
000007,0,Car,25.01,51.8,191,-3.0,38.246,75.916
000007,0,Car,25.01,51.8,191,-2.0,25.497,47.644
000007,0,Car,25.01,51.8,191,-1.0,12.751,18.848
000007,0,Car,25.01,51.8,191,-0.5,6.377,6.806
000007,0,Car,25.01,51.8,191,0.0,0.0,0.0
000007,0,Car,25.01,51.8,191,0.5,6.38,9.948
000007,0,Car,25.01,51.8,191,1.0,12.764,21.466
000007,0,Car,25.01,51.8,191,2.0,25.548,48.691
000007,0,Car,25.01,51.8,191,3.0,38.362,78.01
000008,1,Car,7.86,289.6,1940,-3.0,40.292,9.845
000008,3,Car,14.44,123.3,668,-3.0,38.966,25.0
000008,4,Car,33.2,51.1,53,-3.0,40.302,83.019
000008,5,Car,19.96,71.9,164,-3.0,46.449,67.683
000008,1,Car,7.86,289.6,1940,-2.0,26.926,5.052
000008,3,Car,14.44,123.3,668,-2.0,25.934,12.874
000008,4,Car,33.2,51.1,53,-2.0,26.754,39.623
000008,5,Car,19.96,71.9,164,-2.0,30.712,43.902
000008,1,Car,7.86,289.6,1940,-1.0,13.499,0.412
000008,3,Car,14.44,123.3,668,-1.0,12.948,5.24
000008,4,Car,33.2,51.1,53,-1.0,13.323,11.321
000008,5,Car,19.96,71.9,164,-1.0,15.234,17.073
000008,1,Car,7.86,289.6,1940,-0.5,6.759,0.0
000008,3,Car,14.44,123.3,668,-0.5,6.47,1.347
000008,4,Car,33.2,51.1,53,-0.5,6.648,0.0
000008,5,Car,19.96,71.9,164,-0.5,7.588,5.488
000008,1,Car,7.86,289.6,1940,0.0,0.0,0.0
000008,3,Car,14.44,123.3,668,0.0,0.0,0.0
000008,4,Car,33.2,51.1,53,0.0,0.0,0.0
000008,5,Car,19.96,71.9,164,0.0,0.0,0.0
000008,1,Car,7.86,289.6,1940,0.5,6.779,0.0
000008,3,Car,14.44,123.3,668,0.5,6.462,0.0
000008,4,Car,33.2,51.1,53,0.5,6.624,9.434
000008,5,Car,19.96,71.9,164,0.5,7.53,1.22
000008,1,Car,7.86,289.6,1940,1.0,13.58,0.0
000008,3,Car,14.44,123.3,668,1.0,12.918,1.946
000008,4,Car,33.2,51.1,53,1.0,13.224,24.528
000008,5,Car,19.96,71.9,164,1.0,15.006,13.415
000008,1,Car,7.86,289.6,1940,2.0,27.25,0.619
000008,3,Car,14.44,123.3,668,2.0,25.814,13.623
000008,4,Car,33.2,51.1,53,2.0,26.359,67.925
000008,5,Car,19.96,71.9,164,2.0,29.797,39.634
000008,1,Car,7.86,289.6,1940,3.0,41.021,2.371
000008,3,Car,14.44,123.3,668,3.0,38.697,27.096
000008,4,Car,33.2,51.1,53,3.0,39.413,94.34
000008,5,Car,19.96,71.9,164,3.0,44.387,62.195
000009,0,Car,23.88,57.2,219,-3.0,38.38,68.037
000009,0,Car,23.88,57.2,219,-2.0,25.561,43.379
000009,0,Car,23.88,57.2,219,-1.0,12.77,19.635
000009,0,Car,23.88,57.2,219,-0.5,6.383,6.393
000009,0,Car,23.88,57.2,219,0.0,0.0,0.0
000009,0,Car,23.88,57.2,219,0.5,6.38,7.306
000009,0,Car,23.88,57.2,219,1.0,12.758,17.808
000009,0,Car,23.88,57.2,219,2.0,25.512,45.205
000009,0,Car,23.88,57.2,219,3.0,38.269,69.863
000010,1,Car,11.8,195.1,1016,-3.0,40.142,17.224
000010,3,Car,16.5,107.2,340,-3.0,44.512,41.471
000010,5,Car,23.64,76.5,246,-3.0,38.284,54.065
000010,7,Car,28.53,55.4,33,-3.0,41.39,57.576
000010,8,Car,42.85,43.5,20,-3.0,38.691,100.0
000010,1,Car,11.8,195.1,1016,-2.0,26.846,9.547
000010,3,Car,16.5,107.2,340,-2.0,29.465,24.118
000010,5,Car,23.64,76.5,246,-2.0,25.517,32.114
000010,7,Car,28.53,55.4,33,-2.0,27.451,12.121
000010,8,Car,42.85,43.5,20,-2.0,25.734,70.0
000010,1,Car,11.8,195.1,1016,-1.0,13.469,2.067
000010,3,Car,16.5,107.2,340,-1.0,14.632,6.471
000010,5,Car,23.64,76.5,246,-1.0,12.758,11.382
000010,7,Car,28.53,55.4,33,-1.0,13.657,0.0
000010,8,Car,42.85,43.5,20,-1.0,12.839,10.0
000010,1,Car,11.8,195.1,1016,-0.5,6.746,0.0
000010,3,Car,16.5,107.2,340,-0.5,7.292,0.882
000010,5,Car,23.64,76.5,246,-0.5,6.379,3.659
000010,7,Car,28.53,55.4,33,-0.5,6.812,0.0
000010,8,Car,42.85,43.5,20,-0.5,6.413,10.0
000010,1,Car,11.8,195.1,1016,0.0,0.0,0.0
000010,3,Car,16.5,107.2,340,0.0,0.0,0.0
000010,5,Car,23.64,76.5,246,0.0,0.0,0.0
000010,7,Car,28.53,55.4,33,0.0,0.0,0.0
000010,8,Car,42.85,43.5,20,0.0,0.0,0.0
000010,1,Car,11.8,195.1,1016,0.5,6.771,0.0
000010,3,Car,16.5,107.2,340,0.5,7.244,0.294
000010,5,Car,23.64,76.5,246,0.5,6.381,0.0
000010,7,Car,28.53,55.4,33,0.5,6.781,18.182
000010,8,Car,42.85,43.5,20,0.5,6.402,0.0
000010,1,Car,11.8,195.1,1016,1.0,13.569,0.0
000010,3,Car,16.5,107.2,340,1.0,14.443,4.118
000010,5,Car,23.64,76.5,246,1.0,12.765,5.691
000010,7,Car,28.53,55.4,33,1.0,13.532,42.424
000010,8,Car,42.85,43.5,20,1.0,12.793,15.0
000010,1,Car,11.8,195.1,1016,2.0,27.249,3.15
000010,3,Car,16.5,107.2,340,2.0,28.711,12.647
000010,5,Car,23.64,76.5,246,2.0,25.546,23.984
000010,7,Car,28.53,55.4,33,2.0,26.949,87.879
000010,8,Car,42.85,43.5,20,2.0,25.547,75.0
000010,1,Car,11.8,195.1,1016,3.0,41.05,9.154
000010,3,Car,16.5,107.2,340,3.0,42.815,30.294
000010,5,Car,23.64,76.5,246,3.0,38.349,47.561
000010,7,Car,28.53,55.4,33,3.0,40.26,100.0
000010,8,Car,42.85,43.5,20,3.0,38.271,90.0
000011,2,Car,26.64,60.7,208,-3.0,39.169,71.635
000011,2,Car,26.64,60.7,208,-2.0,26.184,46.154
000011,2,Car,26.64,60.7,208,-1.0,13.131,20.673
000011,2,Car,26.64,60.7,208,-0.5,6.576,7.212
000011,2,Car,26.64,60.7,208,0.0,0.0,0.0
000011,2,Car,26.64,60.7,208,0.5,6.597,4.327
000011,2,Car,26.64,60.7,208,1.0,13.217,14.423
000011,2,Car,26.64,60.7,208,2.0,26.529,38.942
000011,2,Car,26.64,60.7,208,3.0,39.946,63.462
000012,1,Van,65.02,33.5,39,-3.0,39.106,100.0
000012,1,Van,65.02,33.5,39,-2.0,26.149,87.179
000012,1,Van,65.02,33.5,39,-1.0,13.116,38.462
000012,1,Van,65.02,33.5,39,-0.5,6.569,7.692
000012,1,Van,65.02,33.5,39,0.0,0.0,0.0
000012,1,Van,65.02,33.5,39,0.5,6.592,10.256
000012,1,Van,65.02,33.5,39,1.0,13.209,41.026
000012,1,Van,65.02,33.5,39,2.0,26.52,89.744
000012,1,Van,65.02,33.5,39,3.0,39.942,100.0
000016,2,Car,33.13,49.4,51,-3.0,39.095,76.471
000016,3,Car,6.05,386.2,2051,-3.0,53.948,12.628
000016,2,Car,33.13,49.4,51,-2.0,25.989,49.02
000016,3,Car,6.05,386.2,2051,-2.0,36.355,10.434
000016,2,Car,33.13,49.4,51,-1.0,12.96,3.922
000016,3,Car,6.05,386.2,2051,-1.0,18.38,10.726
000016,2,Car,33.13,49.4,51,-0.5,6.472,1.961
000016,3,Car,6.05,386.2,2051,-0.5,9.243,12.14
000016,2,Car,33.13,49.4,51,0.0,0.0,0.0
000016,3,Car,6.05,386.2,2051,0.0,0.0,14.139
000016,2,Car,33.13,49.4,51,0.5,6.457,9.804
000016,3,Car,6.05,386.2,2051,0.5,9.351,16.821
000016,2,Car,33.13,49.4,51,1.0,12.9,25.49
000016,3,Car,6.05,386.2,2051,1.0,18.814,19.941
000016,2,Car,33.13,49.4,51,2.0,25.748,56.863
000016,3,Car,6.05,386.2,2051,2.0,38.09,26.085
000016,2,Car,33.13,49.4,51,3.0,38.552,98.039
000016,3,Car,6.05,386.2,2051,3.0,57.86,31.887
000019,1,Car,9.72,202.1,1236,-3.0,43.842,15.615
000019,2,Van,35.34,44.3,106,-3.0,38.475,93.396
000019,1,Car,9.72,202.1,1236,-2.0,29.043,7.362
000019,2,Van,35.34,44.3,106,-2.0,25.605,56.604
000019,1,Car,9.72,202.1,1236,-1.0,14.433,0.809
000019,2,Van,35.34,44.3,106,-1.0,12.782,26.415
000019,1,Car,9.72,202.1,1236,-0.5,7.195,0.0
000019,2,Van,35.34,44.3,106,-0.5,6.387,13.208
000019,1,Car,9.72,202.1,1236,0.0,0.0,0.0
000019,2,Van,35.34,44.3,106,0.0,0.0,0.0
000019,1,Car,9.72,202.1,1236,0.5,7.154,0.0
000019,2,Van,35.34,44.3,106,0.5,6.379,6.604
000019,1,Car,9.72,202.1,1236,1.0,14.269,0.809
000019,2,Van,35.34,44.3,106,1.0,12.751,26.415
000019,1,Car,9.72,202.1,1236,2.0,28.386,5.987
000019,2,Van,35.34,44.3,106,2.0,25.478,60.377
000019,1,Car,9.72,202.1,1236,3.0,42.362,11.165
000019,2,Van,35.34,44.3,106,3.0,38.189,87.736
000021,1,Car,13.3,156.9,850,-3.0,40.318,21.059
000021,2,Car,17.6,115.1,238,-3.0,38.769,50.42
000021,3,Van,21.3,230.5,964,-3.0,49.74,14.523
000021,4,Car,25.97,66.0,176,-3.0,40.329,69.886
000021,5,Car,26.83,61.8,113,-3.0,38.235,84.956
000021,1,Car,13.3,156.9,850,-2.0,26.975,11.882
000021,2,Car,17.6,115.1,238,-2.0,25.889,26.05
000021,3,Van,21.3,230.5,964,-2.0,32.837,8.299
000021,4,Car,25.97,66.0,176,-2.0,26.773,44.318
000021,5,Car,26.83,61.8,113,-2.0,25.501,50.442
000021,1,Car,13.3,156.9,850,-1.0,13.539,3.412
000021,2,Car,17.6,115.1,238,-1.0,12.969,7.983
000021,3,Van,21.3,230.5,964,-1.0,16.264,2.593
000021,4,Car,25.97,66.0,176,-1.0,13.333,18.182
000021,5,Car,26.83,61.8,113,-1.0,12.759,18.584
000021,1,Car,13.3,156.9,850,-0.5,6.783,0.235
000021,2,Car,17.6,115.1,238,-0.5,6.491,0.0
000021,3,Van,21.3,230.5,964,-0.5,8.094,0.519
000021,4,Car,25.97,66.0,176,-0.5,6.654,5.682
000021,5,Car,26.83,61.8,113,-0.5,6.382,7.965
000021,1,Car,13.3,156.9,850,0.0,0.0,0.0
000021,2,Car,17.6,115.1,238,0.0,0.0,0.0
000021,3,Van,21.3,230.5,964,0.0,0.0,0.0
000021,4,Car,25.97,66.0,176,0.0,0.0,0.0
000021,5,Car,26.83,61.8,113,0.0,0.0,0.0
000021,1,Car,13.3,156.9,850,0.5,6.811,0.0
000021,2,Car,17.6,115.1,238,0.5,6.505,0.0
000021,3,Van,21.3,230.5,964,0.5,8.021,0.104
000021,4,Car,25.97,66.0,176,0.5,6.63,0.568
000021,5,Car,26.83,61.8,113,0.5,6.388,0.0
000021,1,Car,13.3,156.9,850,1.0,13.652,0.588
000021,2,Car,17.6,115.1,238,1.0,13.026,0.0
000021,3,Van,21.3,230.5,964,1.0,15.972,4.253
000021,4,Car,25.97,66.0,176,1.0,13.237,8.523
000021,5,Car,26.83,61.8,113,1.0,12.783,0.0
000021,1,Car,13.3,156.9,850,2.0,27.426,7.176
000021,2,Car,17.6,115.1,238,2.0,26.118,0.84
000021,3,Van,21.3,230.5,964,2.0,31.671,6.224
000021,4,Car,25.97,66.0,176,2.0,26.386,30.682
000021,5,Car,26.83,61.8,113,2.0,25.599,22.124
000021,1,Car,13.3,156.9,850,3.0,41.334,15.647
000021,2,Car,17.6,115.1,238,3.0,39.284,4.622
000021,3,Van,21.3,230.5,964,3.0,47.113,14.004
000021,4,Car,25.97,66.0,176,3.0,39.456,56.25
000021,5,Car,26.83,61.8,113,3.0,38.456,54.867
000023,0,Truck,69.29,30.4,74,-3.0,37.992,100.0
000023,0,Truck,69.29,30.4,74,-2.0,25.312,82.432
000023,0,Truck,69.29,30.4,74,-1.0,12.651,41.892
000023,0,Truck,69.29,30.4,74,-0.5,6.325,17.568
000023,0,Truck,69.29,30.4,74,0.0,0.0,0.0
000023,0,Truck,69.29,30.4,74,0.5,6.324,17.568
000023,0,Truck,69.29,30.4,74,1.0,12.648,41.892
000023,0,Truck,69.29,30.4,74,2.0,25.302,86.486
000023,0,Truck,69.29,30.4,74,3.0,37.968,100.0
000025,1,Car,10.42,185.9,1121,-3.0,40.658,14.184
000025,2,Car,30.18,56.0,61,-3.0,38.171,63.934
000025,3,Car,17.48,81.2,316,-3.0,40.669,50.633
000025,5,Car,22.3,59.2,27,-3.0,39.659,0.0
000025,1,Car,10.42,185.9,1121,-2.0,27.203,7.939
000025,2,Car,30.18,56.0,61,-2.0,25.45,27.869
000025,3,Car,17.48,81.2,316,-2.0,26.996,28.797
000025,5,Car,22.3,59.2,27,-2.0,26.349,0.0
000025,1,Car,10.42,185.9,1121,-1.0,13.654,1.784
000025,2,Car,30.18,56.0,61,-1.0,12.729,4.918
000025,3,Car,17.48,81.2,316,-1.0,13.443,8.544
000025,5,Car,22.3,59.2,27,-1.0,13.133,0.0
000025,1,Car,10.42,185.9,1121,-0.5,6.84,0.178
000025,2,Car,30.18,56.0,61,-0.5,6.366,1.639
000025,3,Car,17.48,81.2,316,-0.5,6.708,1.266
000025,5,Car,22.3,59.2,27,-0.5,6.556,0.0
000025,1,Car,10.42,185.9,1121,0.0,0.0,0.0
000025,2,Car,30.18,56.0,61,0.0,0.0,0.0
000025,3,Car,17.48,81.2,316,0.0,0.0,0.0
000025,5,Car,22.3,59.2,27,0.0,0.0,0.0
000025,1,Car,10.42,185.9,1121,0.5,6.869,0.268
000025,2,Car,30.18,56.0,61,0.5,6.37,8.197
000025,3,Car,17.48,81.2,316,0.5,6.683,1.266
000025,5,Car,22.3,59.2,27,0.5,6.538,48.148
000025,1,Car,10.42,185.9,1121,1.0,13.768,2.319
000025,2,Car,30.18,56.0,61,1.0,12.744,21.311
000025,3,Car,17.48,81.2,316,1.0,13.342,7.278
000025,5,Car,22.3,59.2,27,1.0,13.058,92.593
000025,1,Car,10.42,185.9,1121,2.0,27.661,9.456
000025,2,Car,30.18,56.0,61,2.0,25.511,59.016
000025,3,Car,17.48,81.2,316,2.0,26.592,26.266
000025,5,Car,22.3,59.2,27,2.0,26.049,100.0
000025,1,Car,10.42,185.9,1121,3.0,41.689,17.128
000025,2,Car,30.18,56.0,61,3.0,38.31,86.885
000025,3,Car,17.48,81.2,316,3.0,39.76,47.785
000025,5,Car,22.3,59.2,27,3.0,38.983,100.0
000031,0,Car,12.2,155.7,1028,-3.0,41.148,21.109
000031,1,Car,8.46,243.0,1028,-3.0,47.481,19.261
000031,2,Car,13.14,136.8,517,-3.0,40.919,6.77
000031,4,Car,26.41,52.3,141,-3.0,38.878,75.887
000031,5,Van,51.9,28.4,32,-3.0,38.15,100.0
000031,0,Car,12.2,155.7,1028,-2.0,27.551,10.798
000031,1,Car,8.46,243.0,1028,-2.0,31.39,10.895
000031,2,Car,13.14,136.8,517,-2.0,27.161,0.774
000031,4,Car,26.41,52.3,141,-2.0,25.857,46.809
000031,5,Van,51.9,28.4,32,-2.0,25.404,100.0
000031,0,Car,12.2,155.7,1028,-1.0,13.838,3.502
000031,1,Car,8.46,243.0,1028,-1.0,15.569,1.654
000031,2,Car,13.14,136.8,517,-1.0,13.525,0.0
000031,4,Car,26.41,52.3,141,-1.0,12.901,19.858
000031,5,Van,51.9,28.4,32,-1.0,12.69,46.875
000031,0,Car,12.2,155.7,1028,-0.5,6.935,0.292
000031,1,Car,8.46,243.0,1028,-0.5,7.754,0.0
000031,2,Car,13.14,136.8,517,-0.5,6.749,0.0
000031,4,Car,26.41,52.3,141,-0.5,6.444,4.965
000031,5,Van,51.9,28.4,32,-0.5,6.343,21.875
000031,0,Car,12.2,155.7,1028,0.0,0.0,0.0
000031,1,Car,8.46,243.0,1028,0.0,0.0,0.0
000031,2,Car,13.14,136.8,517,0.0,0.0,0.0
000031,4,Car,26.41,52.3,141,0.0,0.0,0.0
000031,5,Van,51.9,28.4,32,0.0,0.0,0.0
000031,0,Car,12.2,155.7,1028,0.5,6.969,0.292
000031,1,Car,8.46,243.0,1028,0.5,7.695,0.0
000031,2,Car,13.14,136.8,517,0.5,6.724,1.741
000031,4,Car,26.41,52.3,141,0.5,6.432,7.092
000031,5,Van,51.9,28.4,32,0.5,6.339,12.5
000031,0,Car,12.2,155.7,1028,1.0,13.974,2.724
000031,1,Car,8.46,243.0,1028,1.0,15.332,1.07
000031,2,Car,13.14,136.8,517,1.0,13.423,5.029
000031,4,Car,26.41,52.3,141,1.0,12.854,21.986
000031,5,Van,51.9,28.4,32,1.0,12.674,40.625
000031,0,Car,12.2,155.7,1028,2.0,28.095,12.16
000031,1,Car,8.46,243.0,1028,2.0,30.443,4.961
000031,2,Car,13.14,136.8,517,2.0,26.754,16.441
000031,4,Car,26.41,52.3,141,2.0,25.669,51.773
000031,5,Van,51.9,28.4,32,2.0,25.341,90.625
000031,0,Car,12.2,155.7,1028,3.0,42.376,22.082
000031,1,Car,8.46,243.0,1028,3.0,45.347,7.296
000031,2,Car,13.14,136.8,517,3.0,40.002,32.108
000031,4,Car,26.41,52.3,141,3.0,38.452,79.433
000031,5,Van,51.9,28.4,32,3.0,38.007,100.0
000032,0,Car,9.0,257.4,1435,-3.0,44.404,10.314
000032,1,Car,8.6,238.2,1352,-3.0,46.375,16.79
000032,2,Van,14.34,148.5,803,-3.0,40.429,33.998
000032,3,Car,13.47,151.5,410,-3.0,40.954,1.463
000032,7,Van,44.71,32.1,64,-3.0,38.141,100.0
000032,9,Car,44.75,36.8,39,-3.0,38.495,100.0
000032,0,Car,9.0,257.4,1435,-2.0,29.796,3.693
000032,1,Car,8.6,238.2,1352,-2.0,30.677,9.541
000032,2,Van,14.34,148.5,803,-2.0,27.056,18.68
000032,3,Car,13.47,151.5,410,-2.0,27.184,0.0
000032,7,Van,44.71,32.1,64,-2.0,25.402,90.625
000032,9,Car,44.75,36.8,39,-2.0,25.711,71.795
000032,0,Car,9.0,257.4,1435,-1.0,14.999,0.418
000032,1,Car,8.6,238.2,1352,-1.0,15.224,2.293
000032,2,Van,14.34,148.5,803,-1.0,13.582,6.974
000032,3,Car,13.47,151.5,410,-1.0,13.535,0.0
000032,7,Van,44.71,32.1,64,-1.0,12.691,43.75
000032,9,Car,44.75,36.8,39,-1.0,12.882,25.641
000032,0,Car,9.0,257.4,1435,-0.5,7.526,0.0
000032,1,Car,8.6,238.2,1352,-0.5,7.584,0.444
000032,2,Van,14.34,148.5,803,-0.5,6.805,1.743
000032,3,Car,13.47,151.5,410,-0.5,6.754,0.0
000032,7,Van,44.71,32.1,64,-0.5,6.344,23.438
000032,9,Car,44.75,36.8,39,-0.5,6.448,5.128
000032,0,Car,9.0,257.4,1435,0.0,0.0,0.0
000032,1,Car,8.6,238.2,1352,0.0,0.0,0.148
000032,2,Van,14.34,148.5,803,0.0,0.0,0.0
000032,3,Car,13.47,151.5,410,0.0,0.0,0.0
000032,7,Van,44.71,32.1,64,0.0,0.0,0.0
000032,9,Car,44.75,36.8,39,0.0,0.0,0.0
000032,0,Car,9.0,257.4,1435,0.5,7.58,0.0
000032,1,Car,8.6,238.2,1352,0.5,7.531,0.0
000032,2,Van,14.34,148.5,803,0.5,6.835,0.0
000032,3,Car,13.47,151.5,410,0.5,6.729,0.0
000032,7,Van,44.71,32.1,64,0.5,6.341,9.375
000032,9,Car,44.75,36.8,39,0.5,6.464,12.821
000032,0,Car,9.0,257.4,1435,1.0,15.216,0.0
000032,1,Car,8.6,238.2,1352,1.0,15.009,1.331
000032,2,Van,14.34,148.5,803,1.0,13.702,0.0
000032,3,Car,13.47,151.5,410,1.0,13.433,3.659
000032,7,Van,44.71,32.1,64,1.0,12.679,32.812
000032,9,Car,44.75,36.8,39,1.0,12.944,35.897
000032,0,Car,9.0,257.4,1435,2.0,30.664,1.045
000032,1,Car,8.6,238.2,1352,2.0,29.819,5.769
000032,2,Van,14.34,148.5,803,2.0,27.533,1.868
000032,3,Car,13.47,151.5,410,2.0,26.772,14.146
000032,7,Van,44.71,32.1,64,2.0,25.355,76.562
000032,9,Car,44.75,36.8,39,2.0,25.959,79.487
000032,0,Car,9.0,257.4,1435,3.0,46.359,5.087
000032,1,Car,8.6,238.2,1352,3.0,44.441,10.207
000032,2,Van,14.34,148.5,803,3.0,41.504,6.102
000032,3,Car,13.47,151.5,410,3.0,40.027,27.317
000032,7,Van,44.71,32.1,64,3.0,38.034,100.0
000032,9,Car,44.75,36.8,39,3.0,39.052,100.0
000049,0,Car,21.55,61.8,206,-3.0,38.416,60.68
000049,1,Car,13.75,189.7,930,-3.0,41.249,16.237
000049,7,Car,9.53,259.2,571,-3.0,47.429,0.525
000049,8,Car,14.89,132.1,432,-3.0,42.04,12.5
000049,13,Car,17.23,147.9,312,-3.0,45.325,27.244
000049,0,Car,21.55,61.8,206,-2.0,25.588,38.835
000049,1,Car,13.75,189.7,930,-2.0,27.624,8.28
000049,7,Car,9.53,259.2,571,-2.0,31.354,0.35
000049,8,Car,14.89,132.1,432,-2.0,27.875,3.472
000049,13,Car,17.23,147.9,312,-2.0,30.441,12.5
000049,0,Car,21.55,61.8,206,-1.0,12.785,18.932
000049,1,Car,13.75,189.7,930,-1.0,13.877,0.86
000049,7,Car,9.53,259.2,571,-1.0,15.55,0.175
000049,8,Car,14.89,132.1,432,-1.0,13.866,0.0
000049,13,Car,17.23,147.9,312,-1.0,15.338,4.167
000049,0,Car,21.55,61.8,206,-0.5,6.391,7.767
000049,1,Car,13.75,189.7,930,-0.5,6.956,0.0
000049,7,Car,9.53,259.2,571,-0.5,7.744,0.0
000049,8,Car,14.89,132.1,432,-0.5,6.916,0.0
000049,13,Car,17.23,147.9,312,-0.5,7.699,0.641
000049,0,Car,21.55,61.8,206,0.0,0.0,0.0
000049,1,Car,13.75,189.7,930,0.0,0.0,0.0
000049,7,Car,9.53,259.2,571,0.0,0.0,0.0
000049,8,Car,14.89,132.1,432,0.0,0.0,0.0
000049,13,Car,17.23,147.9,312,0.0,0.0,0.0
000049,0,Car,21.55,61.8,206,0.5,6.389,7.767
000049,1,Car,13.75,189.7,930,0.5,6.991,0.538
000049,7,Car,9.53,259.2,571,0.5,7.685,1.051
000049,8,Car,14.89,132.1,432,0.5,6.883,1.389
000049,13,Car,17.23,147.9,312,0.5,7.762,0.0
000049,0,Car,21.55,61.8,206,1.0,12.776,19.903
000049,1,Car,13.75,189.7,930,1.0,14.019,2.903
000049,7,Car,9.53,259.2,571,1.0,15.311,4.904
000049,8,Car,14.89,132.1,432,1.0,13.733,6.019
000049,13,Car,17.23,147.9,312,1.0,15.588,0.0
000049,0,Car,21.55,61.8,206,2.0,25.551,43.689
000049,1,Car,13.75,189.7,930,2.0,28.192,8.172
000049,7,Car,9.53,259.2,571,2.0,30.399,13.31
000049,8,Car,14.89,132.1,432,2.0,27.345,16.898
000049,13,Car,17.23,147.9,312,2.0,31.441,0.321
000049,0,Car,21.55,61.8,206,3.0,38.332,64.078
000049,1,Car,13.75,189.7,930,3.0,42.53,14.301
000049,7,Car,9.53,259.2,571,3.0,45.278,18.739
000049,8,Car,14.89,132.1,432,3.0,40.844,31.019
000049,13,Car,17.23,147.9,312,3.0,47.577,6.41
000061,3,Car,16.63,93.9,145,-3.0,58.412,93.103
000061,3,Car,16.63,93.9,145,-2.0,39.434,62.069
000061,3,Car,16.63,93.9,145,-1.0,19.973,19.31
000061,3,Car,16.63,93.9,145,-0.5,10.053,0.0
000061,3,Car,16.63,93.9,145,0.0,0.0,0.0
000061,3,Car,16.63,93.9,145,0.5,10.189,0.0
000061,3,Car,16.63,93.9,145,1.0,20.52,0.69
000061,3,Car,16.63,93.9,145,2.0,41.622,16.552
000061,3,Car,16.63,93.9,145,3.0,63.346,55.172
